-- phpMyAdmin SQL Dump
-- version 4.4.14
-- http://www.phpmyadmin.net
--
-- Host: 127.0.0.1
-- Generation Time: Nov 20, 2015 at 12:43 AM
-- Server version: 5.6.26
-- PHP Version: 5.6.12

SET SQL_MODE = "NO_AUTO_VALUE_ON_ZERO";
SET time_zone = "+00:00";


/*!40101 SET @OLD_CHARACTER_SET_CLIENT=@@CHARACTER_SET_CLIENT */;
/*!40101 SET @OLD_CHARACTER_SET_RESULTS=@@CHARACTER_SET_RESULTS */;
/*!40101 SET @OLD_COLLATION_CONNECTION=@@COLLATION_CONNECTION */;
/*!40101 SET NAMES utf8mb4 */;

--
-- Database: `mymathprobs`
--

-- --------------------------------------------------------

--
-- Table structure for table `buffer`
--

CREATE TABLE IF NOT EXISTS `buffer` (
  `bid` int(10) unsigned NOT NULL,
  `content` varchar(5000) NOT NULL
) ENGINE=InnoDB DEFAULT CHARSET=latin1;

-- --------------------------------------------------------

--
-- Table structure for table `concept`
--

CREATE TABLE IF NOT EXISTS `concept` (
  `cid` int(10) unsigned NOT NULL,
  `title` varchar(200) NOT NULL,
  `content` varchar(5000) NOT NULL
) ENGINE=InnoDB AUTO_INCREMENT=101 DEFAULT CHARSET=latin1;

--
-- Dumping data for table `concept`
--

INSERT INTO `concept` (`cid`, `title`, `content`) VALUES
(1, 'Description of sets', '<ul><li>Sets are the fundamental discrete structure on which all other discrete structures are built.</li><li>Sets are used to group objects together.</li><li>The objects in a set have similar properties.</li></ul>'),
(2, 'Set', 'A set is an unordered collection of objects. <p></p>\r\n<b>Note:</b> This definition is an intuitive definition, which is not part of a formal theory of set.'),
(3, 'Element', 'The objects in a set are called the <i>elements</i>, or <i>members</i>, of the set. A set is said to <i>contain</i> its elements.'),
(4, 'Notation: Element in set', 'We write \\(a \\in A\\) to denote that \\(a\\) is an element of the set \\(A\\).'),
(5, 'Notation: Element not in set', 'The notation \\(a \\not \\in A\\) denotes that \\(a\\) is not an element of the set \\(A\\).'),
(6, 'Describe a set (I)', 'List all the members of a set, when this is possible. We use a notation where all members of the set are listed between braces. <p></p>\r\nFor example, the notation \\(\\{a, b, c, d\\}\\) represents the set with four elements \\(a, b, c\\), and \\(d\\).'),
(7, 'Using ellipses in element list', 'Sometimes the brace notation is used to describe a set without listing all its members. Some members of the set are listed, and then <i>ellipses</i> (\\(\\ldots\\)) are used when the general pattern of the elements is obvious.<p></p>Example: The set of positive integers less than \\(100\\) can be denoted by \\(\\{1, 2, 3, \\ldots, 99\\}\\).'),
(8, 'Describe a set (II): Set builder notation', 'We characterize all those elements in the set by stating the property or properties they must have to be members. <p></p>For instance, the set \\(O\\) of all odd positive integers less than \\(10\\) can be written as \\[O = \\{x\\, |\\, x\\, \\mbox{is an odd positive integer less than}\\, 10\\}\\] or \\[ O = \\{x \\in \\mathbb{Z}^+\\, |\\, x\\, \\mbox{is odd and}\\, x \\lt 10\\}. \\]<p></p><b>Note:</b> Sometimes we may change \\(|\\) in the set builder notation to \\(:\\) to separate the members and the properties, such as \\[ O = \\{x \\in \\mathbb{Z}^+\\, :\\, x\\, \\mbox{is odd and}\\, x \\lt 10\\}. \\]'),
(9, 'Notation: Set of natural numbers', '\\(\\mathbb{N} = \\{0, 1, 2, 3, \\ldots, \\}\\), the set of <i>natural numbers</i>.'),
(10, 'Notation: Set of integers', '\\(\\mathbb{Z} = \\{ \\ldots, -2, -1, 0, 1, 2, \\ldots \\}\\), the set of <i>integers</i>.'),
(11, 'Notation: Set of positive integers', '\\(\\mathbb{Z}^+ = \\{1, 2, 3, \\ldots, \\}\\), the set of <i>positive integers</i>.'),
(12, 'Notation: Set of rational numbers', '\\(\\mathbb{Q} = \\{p/q\\, |\\, p \\in \\mathbb{Z}, q \\in \\mathbb{Z}, \\mbox{and}\\, q \\ne 0\\}\\), the set of <i>rational numbers</i>.'),
(13, 'Notation: Set of real numbers', '\\(\\mathbb{R}\\), the set of <i>real numbers</i>.'),
(14, 'Two sets are equal', 'Two sets are <i>equal</i> if and only if they have the same elements. That is, if \\(A\\) and \\(B\\) are sets, then \\(A\\) and \\(B\\) are equal if and only if \\(\\forall x (x \\in A \\leftrightarrow x \\in B)\\). We write \\(A = B\\) if \\(A\\) and \\(B\\) are equal sets.'),
(15, 'Venn diagram', 'Sets can be represented graphically using Venn diagrams, named after the English mathematician John Venn. In Venn diagrams the <i>universal set</i> \\(U\\), which contains all the objects under consideration, is represented by a rectangle. Inside this rectangle, circles or other geometrical figures are used to represent sets. Sometimes points are used to represent particular elements of the set. Venn diagrams are often used to indicate the relationships between sets.'),
(16, 'Empty set', 'There is a special set that has no elements. This set is called the <i>empty set</i>, or <i>null set</i>, and is denoted by \\(\\emptyset\\).'),
(17, 'Singleton set', 'A set with one element is called a <i>singleton set</i>.'),
(18, 'Subset', 'The set \\(A\\) is said to be a <i>subset</i> of \\(B\\) if and only if every element of \\(A\\) is also an element of \\(B\\). We use the notation \\(A \\subseteq B\\) to indicate that \\(A\\) is a subset of the set \\(B\\).'),
(19, 'Properties of trivial sets', 'For every set \\(S\\), (i) \\(\\quad \\emptyset \\subseteq S \\quad\\) (ii) \\(\\quad S \\subseteq S\\)'),
(20, 'Proper subset', 'When we wish to emphasize that a set \\(A\\) is a subset of the set \\(B\\) but that \\(A \\ne B\\), we write \\(A \\subset B\\) and say that \\(A\\) is a <i>proper subset</i> of \\(B\\).'),
(21, 'Application of set theory in counting problems', 'Sets are used extensively in counting problems, and for such applications we need to discuss the size of sets.'),
(22, 'Size of set', 'Let \\(S\\) be s set. If there are exactly \\(n\\) distinct elements in \\(S\\) where \\(n\\) is a nonnegative integer, we say that \\(S\\) is a <i>finite set</i> and that \\(n\\) is the <i>cardinality</i> of \\(S\\). The cardinality of \\(S\\) is denoted by \\(|S|\\).'),
(23, 'Infinite set', 'A set is said to be <i>infinite</i> if it is not finite.'),
(24, 'Power set', 'Given a set \\(S\\), the <i>power set</i> of \\(S\\) is the set of all subsets of the set \\(S\\). The power set of \\(S\\) is denoted by \\(P(S)\\).'),
(25, 'Ordered \\(n\\)-tuple', 'The <i>ordered \\(n\\)-tuple</i> \\((a_1, a_2, \\ldots, a_n)\\) is the ordered collection that has \\(a_1\\) as its first element, \\(a_2\\) as its second element, ..., and \\(a_n\\) as its \\(n\\)th element.'),
(26, 'Cartesian product of two sets', 'Let \\(A\\) and \\(B\\) be sets. The <i>Cartesian product</i> of \\(A\\) and \\(B\\), denoted by \\(A\\times B\\), is the set of all ordered pairs \\((a, b)\\), where \\(a \\in A\\) and \\(b \\in B\\). Hence, \\[ A\\times B = \\{(a, b)\\, |\\, a \\in A\\, \\wedge \\, b \\in B \\}. \\]'),
(27, 'Cartesian product of multiple sets', 'The <i>Cartesian product</i> of the sets \\(A_1, A_2, \\ldots, A_n\\), denoted by \\(A_1 \\times A_2 \\times \\cdots \\times A_n\\) is the set of ordered \\(n\\)-tuples \\((a_1, a_2, \\ldots, a_n)\\), where \\(a_i\\) belongs to \\(A_i\\) for \\(i = 1, 2, \\ldots, n\\). In other words, \r\n\\[ A_1 \\times A_2 \\times \\cdots \\times A_n = \\{ (a_1, a_2, \\ldots, a_n)\\, |\\, a_i \\in A_i\\, \\mbox{for}\\, i = 1, 2, \\ldots, n\\} \\]'),
(28, 'Union of two sets', 'Let \\(A\\) and \\(B\\) be sets. The <i>union</i> of the sets \\(A\\) and \\(B\\), denoted by \\(A \\cup B\\), is the set that contains these elements that are either in \\(A\\) or in \\(B\\), or in both.<p></p><center><img src="imagepool/imggrp1/mcfigureA383.png" alt="mcfigureA383.png" /></center>'),
(29, 'Intersection of two sets', 'Let \\(A\\) and \\(B\\) be sets. The <i>intersection</i> of the sets \\(A\\) and \\(B\\), denoted by \\(A \\cap B\\), is the set containing those elements in both \\(A\\) and \\(B\\).<p></p><center><img src="imagepool/imggrp1/mcfigureA382.png" alt="mcfigureA382.png" /></center>'),
(30, 'Disjoint sets', 'Two sets are called <i>disjoint</i> if their intersection is the empty set.'),
(31, 'Cardinality of union of two finite sets', '\\[ |A \\cup B| = |A| + |B| - |A \\cap B| \\]'),
(32, 'Difference of two sets', 'Let \\(A\\) and \\(B\\) be sets. The <i>difference</i> of \\(A\\) and \\(B\\), denoted by \\(A - B\\), is the set containing those elements that are in \\(A\\) but not in \\(B\\). The difference of \\(A\\) and \\(B\\) is also called the <i>complement</i> of \\(A\\) with respect to \\(A\\).<p></p><center><img src="imagepool/imggrp1/mcfigureA380.png" alt="mcfigureA380.png" /></center>'),
(33, 'Complement of set', 'Let \\(U\\) be the universal set. The <i>complement</i> of the set \\(A\\), denoted by \\(\\overline{A}\\), is the complement of \\(A\\) with respect to \\(U\\). In other words, the complement of the set \\(A\\) is \\(U - A\\).<p></p><center><img src="imagepool/imggrp1/mcfigureA381.png" alt="mcfigureA381.png" /></center>'),
(34, 'Definition  of  divide (with multiple)', 'Let \\(a\\) and \\(b\\) be integers. If in integer \\(m\\) exists such that \\(b = m a\\), we say that \\(a\\) <i>divides</i> \\(b\\) and that \\(b\\) is a <i>multiple of</i> \\(a\\). We denote this fact by writing "\\(a\\, |\\, b\\)".'),
(35, 'Integral part and fractional part', 'If \\(b\\) is a positive integer and if\r\n\\[ a = b q + r \\qquad 0 \\le r \\lt b \\]\r\nthen\r\n\\[ q = \\left[ \\frac{a}{b} \\right] \\qquad \\mbox{and} \\qquad r = b \\cdot \\left(\\frac{a}{b} - \\left[ \\frac{a}{b} \\right] \\right). \\]'),
(36, 'Greatest integer below given number', 'In number theory we are frequently interested in the greatest integer that is not greater than given real number \\(\\alpha\\). This number is usually denoted by the symbol \\([\\alpha]\\).'),
(37, '(Properties of greatest integer function)', '<ol type="a">\r\n  <li>If \\(m\\) is an integer, then \r\n\\[ [m + \\alpha] = m + [\\alpha]. \\]\r\n</li>\r\n  <li>\r\n\\[ [\\alpha + \\beta] - 1 \\le [\\alpha] + [\\beta] \\le [\\alpha + \\beta]. \\]\r\n</li>\r\n  <li>If \\(m\\) is a positive integer, then \r\n\\[ [\\alpha/m] = [[\\alpha]/m]. \\]\r\n</li>\r\n</ol>'),
(38, 'Greatest-Common Divisor', 'We say that \\(d\\) is the <i>greatest-common divisor</i> of \\(a\\) and \\(b\\) (written \\(d = (a, b)\\)) if and only if\r\n<ol>\r\n  <li>\\(d\\ |\\ a\\) and \\(d\\ |\\ b\\), and</li>\r\n  <li>if \\(c\\ |\\ a\\) and \\(c\\ |\\ b\\), then \\(c \\le d\\).</li>\r\n</ol>'),
(39, 'Euclidean algorithm', 'If the integers \\(a\\) and \\(b\\) are to have a greatest common divisor, one of them, say \\(b\\), must be nonzero. The first step is to divide \\(a\\) by \\(b\\), obtaining\r\n\\[ a = b q + r \\qquad 0 \\le r \\lt |b|. \\]\r\nIf \\(r = 0\\) we stop. If \\(r \\gt 0\\), we divide \\(b\\) by \\(r\\), obtaining\r\n\\[ b = r q_1 + r_1 \\qquad 0 \\le r_1 \\lt r. \\]\r\nIf \\(r_1 = 0\\) we stop. Otherwise, we continue as before, obtaining\r\n\\[ r = r_1 q_2 + r_2 \\qquad 0 \\le r_2 \\lt r_1. \\]\r\nWe now continue this process until we have a zero remainder, obtaining the chain of equations\r\n\\[ \\begin{array} & \\\\\r\na &= b q + r \\qquad 0 \\le r \\lt |b|, \\\\\r\nb &= r q_1 + r_1 \\qquad 0 \\le r_1 \\lt r, \\\\\r\nr &= r_1 q_2 + r_2 \\qquad 0 \\le r_2 \\lt r_1, \\\\\r\n& \\qquad \\qquad \\cdots \\\\\r\nr_{n-2} &= r_{n-1} q_n + r_n \\qquad 0 \\le r_n \\lt r_{n-1}, \\\\\r\nr_{n-1} &= r_n q _{n+1}. \r\n\\end{array}\r\n\\]'),
(40, 'Floor function', 'The greatest integer that is less than or equal to \\(x\\), denoted by \\(\\lfloor x \\rfloor\\).'),
(41, 'Ceiling function', 'The least integer that is greater than or equal to \\(x\\), denoted by \\(\\lceil x \\rceil\\).'),
(42, 'Integral part (fractional part)', 'The integer \\([\\alpha]\\) is called the <i>integral part</i> of \\(\\alpha\\) and the difference \\(\\alpha - [\\alpha]\\) is usually called the <i>fractional part</i> of \\(\\alpha\\) (even though it may be irrational).'),
(43, 'Multiplication property of equality', 'If equals are multiplied by equals, their products are equal.'),
(44, 'Multiplication property of inequality', '<ol>\r\n  <li>If \\(a \\lt b\\) and \\(c \\gt 0\\), then \\(a c \\lt b c\\).</li>\r\n   <li>If \\(a \\gt b\\) and \\(c \\gt 0\\), then \\(a c \\gt b c\\).</li>\r\n</ol>'),
(45, 'Least common multiple', 'The smallest positive integer that is a multiple of both \\(a\\) and \\(b\\) is called the <i>least common multiple</i> (l. c. m.) of \\(a\\) and \\(b\\) and is denoted by the symbol \\([a, b]\\).\r\n<p></p>\r\nThe least common multiple of a finite set of nonzero integers is defined similarly.'),
(46, 'Triangle', 'A <i>triangle</i> is a figure formed by connecting three non-collinear points with three different line segments each of which has two of these points as end points.'),
(47, 'Sum of the angles of a triangle', 'The sum of the measures of the angles of a triangle is \\(180^{\\circ}\\).'),
(48, '(An angle of an equilateral triangle)', 'The measure of each angle of an equilateral triangle is \\(60^{\\circ}\\).'),
(49, '(One right or one obtuse angle in a triangle)', 'A triangle may have at most one right or one obtuse angle in it.'),
(50, '(Complementary angles in a right triangle)', 'The acute angles of a right triangle are complementary.'),
(51, '(Third pair of angles in two triangles)', 'If two angles of a triangle are congruent to two angles of another triangle, then the remaining pair of angles are also congruent.'),
(52, 'Corresponding sides of triangles', 'Corresponding sides are pairs of segments whose end points are vertices that are paired in a given correspondence between two triangles. Corresponding sides of triangles lie opposite corresponding angles.'),
(53, 'Exterior angle of a triangle', 'An <i>exterior angle</i> of a triangle (or polygon) is an angle adjacent to an interior angle formed in such a way that their exterior sides form a straight line.'),
(54, 'Exterior angle of a triangle theorem', 'The measure of an exterior angle of a triangle is equal to the sum of the measures of the two nonadjacent interior angles.'),
(55, 'Exterior angle inequality theorem', 'The measure of an exterior angle of a triangle is greater than the measure of either nonadjacent interior angle.'),
(56, 'Corresponding angles of triangles', 'Corresponding angles are pairs of angles whose vertices are paired in a given correspondence between two triangles.'),
(57, 'Equilateral triangle', 'An <i>equilateral</i> triangle has three congruent sides.'),
(58, 'Isosceles triangle', 'An <i>isosceles</i> triangle has at least two congruent sides.'),
(59, 'Congruent triangles', 'Two triangles are <i>congruent</i> if their vertices can be paired so that two conditions are met:\r\n<ol>\r\n  <li>All pairs of corresponding angles are congruent.</li>\r\n  <li>All pairs of corresponding sides are congruent.</li>\r\n</ol>'),
(60, 'Side-Side-Side (SSS) Postulate', 'If the vertices of two triangles can be paired so that three sides of one triangle are congruent to the corresponding sides of the second triangle, then the two triangles are congruent.'),
(61, 'Side-Angle-Side (SAS) Postulate', 'If the vertices of two triangles can be paired so that two sides and the included angle of one triangle are congruent to the corresponding parts of the second triangle, then the two triangles are congruent.'),
(62, 'Hypotenuse, leg of a right triangle', 'In a right triangle, the side opposite the right angle is called the <i>hypotenuse</i> and each of the two remaining sides is called a <i>leg</i>.'),
(63, 'Angle-Angle-Side (AAS) Theorem', 'If the vertices of two triangles can be paired so that two angles and the side opposite one of them in one triangle are congruent to the corresponding parts of the second triangle, then the two triangles are congruent.'),
(64, 'Angle-Side-Angle (ASA) Postulate', 'If the vertices of two triangles can be paired so that three angles and the included side of one triangle are congruent to the corresponding parts of the second triangle, then the two triangles are congruent.'),
(65, 'Scalene triangle', 'A <i>scalene</i> triangle has no congruent sides.'),
(66, 'Hypotenuse-leg (Hy-Leg) Postulate', 'If the vertices of two <i>right</i> triangles can be paired so that the hypotenuse and leg of one triangle are congruent to the corresponding sides of the second <i>right</i> triangle, then the two <i>right</i> triangles are congruent.'),
(67, 'Converse of The Base Angle Theorem', 'If two angles of a triangle are congruent, then the sides opposite are congruent.'),
(68, 'Base Angle Theorem', 'If two sides of a triangle are congruent, then the angles opposite those sides are congruent.'),
(69, 'Altitude of a triangle', 'An <i>altitude</i> of a triangle is a segment drawn from a vertex of the triangle perpendicular to the opposite side or to the opposite side extended.'),
(70, 'Median of a triangle', 'A <i>median</i> of a triangle is a segment drawn from a vertex of the triangle to the midpoint of the opposite side.'),
(71, '(Two triangles divided by a diagonal of a parallelogram)', 'In a parallelogram either diagonal separates the parallelogram into two congruent triangles.'),
(72, '(Non-equal angles imply non-equal opposite sides)', 'If two angles of a triangle are not congruent, then the sides opposite these angles are not congruent, and the longer side is opposite the greater angle.'),
(73, '(Non-equal sides implies non-equal opposite angles)', 'If two sides of a triangle are not congruent, then the angles opposite these sides are not congruent, and the greater angle is opposite the longer side.'),
(74, 'Triangle Inequality Postulate', 'The length of each side of a triangle must be less than the sum of the lengths of the other two sides.'),
(75, '(Median drawn to the hypotenuse of a right triangle)', 'The length of the median drawn to the hypotenuse of a right triangle is one-half of the length of the hypotenuse.'),
(76, 'Midpoints of a Triangle Theorem', 'The line segment joining the midpoints of two sides of a triangle is parallel to the third side and is one-half its length.'),
(77, '(A parallel line divides two sides of a triangle)', 'A line parallel to one side of a triangle and intersecting the other two sides divides these sides proportionally.'),
(78, '(A line divides two sides of a triangle proportionally)', 'A line that divides two sides of a triangle <i>proportionally</i> is parallel to the third side of the triangle.'),
(79, 'Ratio of Altitudes and Medians in Similar Triangles', 'If a pair of triangles are similar, then the lengths of a pair of corresponding altitudes or medians have the same ratio as the lengths of any pair of corresponding sides.'),
(80, 'The Angle-Angle (AA) Theorem of Similarity', 'If two angles of one triangle are congruent to two angles of another triangles, then the triangles are similar.'),
(81, 'The Pythagorean Theorem', 'The square of the length of the hypotenuse of a right triangle is equal to the sum of the squares of the lengths of the legs.'),
(82, 'Proportions in a right triangle theorem', 'If in a right triangle the altitude to the hypotenuse is drawn, then:\r\n<ol>\r\n  <li>The altitude separates the original triangle into two new triangles that are similar to the original triangle and to each other.</li>\r\n  <li>The length of each leg is the mean proportional between the length of the hypotenuse segment adjacent to the leg and the length of the entire hypotenuse.</li>\r\n  <li>The length of the altitude is the mean proportional between the lengths of the segments if forms on the hypotenuse.</li>\r\n</ol>'),
(83, 'Converse of the Pythagorean Theorem', 'If in a triangle the square of the length of a side is equal to the sum of the squares of the lengths of the other two sides, then the triangle is a right triangle.'),
(84, 'Trigonometric Ratios', 'A <i>trigonometric ratio</i> is the ratio of the lengths of any two sides of a right triangle with respect to a given angle.'),
(85, 'Tangent Function', 'In right triangle \\(ABC\\), \\(\\measuredangle C\\) is a right angle. Then\\[ \\tan A = \\frac{a}{b}. \\]<p></p><center><img src="imgcollection/imggrp3/figure21.png" alt="figure21.png" /></center>'),
(86, 'Cosine Function', 'In right triangle \\(ABC\\), \\(\\measuredangle C\\) is a right angle. Then\\[ \\cos A = \\frac{b}{c}. \\]<p></p><center><img src="imgcollection/imggrp3/figure21.png" alt="figure21.png" /></center>'),
(87, 'Sine Function', 'In right triangle \\(ABC\\), \\(\\measuredangle C\\) is a right angle. Then\\[ \\sin A = \\frac{a}{c}. \\]<p></p><center><img src="imgcollection/imggrp3/figure21.png" alt="figure21.png" /></center>'),
(88, '45-45 Right-Triangle Side Relationships', '<ol>\r\n  <li>The lengths of the legs are equal.</li>\r\n  <li>The length of the hypotenuse is equal to the length of either leg multiplied by \\(\\sqrt{2}\\).</li>\r\n  <li>The length of either leg is equal to one-half the length of the hypotenuse multiplied by \\(\\sqrt{2}\\).</li>\r\n</ol>'),
(89, '30-60 Right-Triangle Side Relationships', '<ol>\r\n  <li>The length of the <i>shorter</i> leg (the side opposite the \\(30\\) degree angle) is one-half of the hypotenuse.</li>\r\n  <li>The length of the <i>longer</i> leg (the side opposite the \\(60\\) degree angle) is one-half the length of the hypotenuse multiplied by \\(\\sqrt{3}\\).</li>\r\n  <li>The length of the <i>longer</i> leg (the side opposite the \\(60\\) degree angle) is equal to the length of the shorter leg multiplied by \\(\\sqrt{3}\\).</li>\r\n</ol>'),
(90, '(Area of Triangle)', 'The area of a triangle is equal to one-half the product of the lengths of the base and the altitude drawn to that base.'),
(91, '(Equivalent Triangles with Respect to Area)', 'If two triangles have equal bases and equal altitudes, then their areas are equal.'),
(92, '(Comparing areas of similar triangles)', 'If two triangles are similar, then the ratio of their areas is equal to the square of the ratio of the lengths of any pair of corresponding sides.'),
(93, '(Area of  EquilateralTriangle)', 'The area of an equilateral triangle is equal to one-fourth of the square of the length of a side multiplied by \\(\\sqrt{3}\\).'),
(94, 'Definition of congruent triangles', 'Two triangles \\(\\Delta ABC\\) and \\(\\Delta XYZ\\) are <i>congruent</i> (\\(\\Delta ABC \\cong \\Delta XYZ\\)) if and only if under the correspondence \\(\\Delta ABC \\leftrightarrow \\Delta XYZ\\), corresponding sides and corresponding angles have equal measure. The correspondence \\(\\Delta ABC \\leftrightarrow \\Delta XYZ\\) is called a <i>congruence</i> of two triangles.'),
(95, '(Triangle theorem)', 'Given three positive numbers \\(a, b\\), and \\(c\\), if \\(a + b \\gt c, a + c \\gt b\\), and \\(b + c \\gt a\\), then there is a triangle whose sides have lengths \\(a, b\\), and \\(c\\).'),
(96, '(Locus of vertex of right angle of a right triangle)', 'The locus of the vertex of the right angle of a right triangle with fiexd hypotenuse of given length is a circle with the hypotenuse as diameter. (The endpoints of the hypotenuse are excluded from the locus.)'),
(97, 'Triangle Inequality II', 'For real numbers \\(a\\) and \\(b\\),\r\n\\[\r\n|a| - |b| \\le |a+b| \\le |a| + |b|.\r\n\\]'),
(98, 'Triangle Inequality', '\\[ |a + b| \\le |a| + |b|\\]'),
(99, 'Law of Cosines', 'If a triangle has sides \\(a, b,\\) and \\(c\\), and \\(\\theta\\) is the angle opposite side \\(c\\), then\r\n\\[ c^2 = a^2 + b^2 - 2ab \\cos \\theta . \\]'),
(100, '(Triangle identity VIII: sum of cotangent half angles)', 'Let \\(\\alpha, \\beta, \\gamma\\) be the angles of a given triangle. Then\r\n\\[\r\n\\cot \\frac{\\alpha}{2} + \\cot \\frac{\\beta}{2} + \\cot \\frac{\\gamma}{2} = \\cot \\frac{\\alpha}{2} \\cdot \\cot \\frac{\\beta}{2} \\cdot \\cot \\frac{\\gamma}{2}.\r\n\\]');

-- --------------------------------------------------------

--
-- Table structure for table `keyword`
--

CREATE TABLE IF NOT EXISTS `keyword` (
  `kid` int(10) unsigned NOT NULL,
  `word` varchar(30) NOT NULL,
  `old_id` int(10) unsigned NOT NULL
) ENGINE=InnoDB AUTO_INCREMENT=342 DEFAULT CHARSET=latin1;

--
-- Dumping data for table `keyword`
--

INSERT INTO `keyword` (`kid`, `word`, `old_id`) VALUES
(1, 'side', 219),
(2, 'length', 188),
(3, 'altitude', 340),
(4, 'triangle', 160),
(5, 'inequality', 135),
(6, 'inradius', 1084),
(7, 'bisector', 357),
(8, 'respective', 1245),
(9, 'angle', 176),
(10, 'semi-perimeter', 1083),
(11, 'perimeter', 271),
(12, 'circumradius', 372),
(13, 'cosine', 359),
(14, 'cos', 589),
(15, 'sine', 349),
(16, 'sin', 590),
(17, 'double', 1082),
(18, 'arbitrary', 385),
(19, 'acute', 438),
(20, 'cotangent', 783),
(21, 'cot', 782),
(22, 'quadrilateral', 394),
(23, 'n-gon', 1309),
(24, 'exist', 606),
(25, 'two', 16),
(26, 'interior', 175),
(27, 'point', 73),
(28, 'regular', 221),
(29, 'side-length', 1310),
(30, 'distance', 386),
(31, 'radian', 1311),
(32, 'positive', 23),
(33, 'real', 46),
(34, 'number', 18),
(35, 'nonnegative', 676),
(36, 'condition', 735),
(37, 'tan', 698),
(38, 'tangent', 355),
(39, 'numbers', 1312),
(40, 'figure', 72),
(41, 'value', 181),
(42, 'degree', 178),
(43, 'external', 423),
(44, 'internal', 1313),
(45, 'order', 214),
(46, 'slope', 579),
(47, 'line', 172),
(48, 'pass', 202),
(49, 'through', 203),
(50, 'origin', 419),
(51, 'perpendicular', 257),
(52, 'three', 156),
(53, 'circle', 70),
(54, 'one', 185),
(55, 'another', 1000),
(56, 'ratio', 174),
(57, 'diameter', 249),
(58, 'large', 454),
(59, 'white', 285),
(60, 'small', 450),
(61, 'fraction', 7),
(62, 'largest', 353),
(63, 'shaded', 425),
(64, 'each', 286),
(65, 'card', 318),
(66, 'letter', 1193),
(67, 'none', 1037),
(68, 'fewer', 1314),
(69, 'blank', 1315),
(70, 'possible', 56),
(71, 'both', 100),
(72, 'write', 1316),
(73, 'drop', 1086),
(74, 'marble', 284),
(75, 'box', 283),
(76, 'time', 183),
(77, 'red', 149),
(78, 'blue', 303),
(79, 'integer', 17),
(80, 'even', 673),
(81, 'today', 1317),
(82, 'Saturday', 1318),
(83, 'day', 1263),
(84, 'plane', 384),
(85, 'equation', 123),
(86, 'average', 658),
(87, 'arithmetic', 154),
(88, 'mean', 239),
(89, 'draw', 1003),
(90, 'total', 430),
(91, 'intersection', 101),
(92, 'prime', 409),
(93, 'greater', 130),
(94, 'must', 1252),
(95, 'true', 923),
(96, 'odd', 674),
(97, 'negative', 554),
(98, 'semicircle', 395),
(99, 'center', 371),
(100, 'midpoint', 304),
(101, 'square', 20),
(102, 'four', 205),
(103, 'petal', 1319),
(104, 'area', 158),
(105, 'region', 191),
(106, 'not', 40),
(107, 'scale', 1320),
(108, 'leg', 427),
(109, 'right', 197),
(110, 'hypotenuse', 367),
(111, 'inversely', 1321),
(112, 'proportional', 760),
(113, 'directly', 860),
(114, 'googol', 1322),
(115, 'zero', 121),
(116, 'represent', 66),
(117, 'digit', 206),
(118, 'path', 329),
(119, 'way', 213),
(120, 'move', 1323),
(121, 'up', 417),
(122, 'printer', 1324),
(123, 'print', 1325),
(124, 'page', 1188),
(125, 'second', 623),
(126, 'minute', 1189),
(127, 'cool', 1326),
(128, 'off', 1327),
(129, 'every', 82),
(130, 'hour', 1186),
(131, 'operation', 890),
(132, 'student', 1164),
(133, 'homeroom', 1328),
(134, 'probability', 170),
(135, 'at', 12),
(136, 'least', 129),
(137, 'birthday', 1329),
(138, 'same', 45),
(139, 'month', 1262),
(140, 'tangency', 392),
(141, 'parallel', 294),
(142, 'foot', 265),
(143, 'long', 220),
(144, 'cylindrical', 712),
(145, 'pipe', 1330),
(146, 'inner', 752),
(147, 'feet', 264),
(148, 'outer', 753),
(149, 'surface', 196),
(150, 'rectangle', 69),
(151, 'divide', 106),
(152, '30-60-90', 1331),
(153, '45-45-90', 1332),
(154, 'all', 55),
(155, 'segment', 308),
(156, 'form', 5),
(157, 'maximum', 630),
(158, 'among', 1260),
(159, 'audition', 1333),
(160, 'school', 515),
(161, 'play', 1264),
(162, 'people', 140),
(163, 'set', 24),
(164, 'description', 25),
(165, 'fundamental', 26),
(166, 'discrete', 27),
(167, 'structure', 28),
(168, 'group', 29),
(169, 'object', 30),
(170, 'similar', 31),
(171, 'property', 32),
(172, 'unordered', 33),
(173, 'collection', 34),
(174, 'element', 35),
(175, 'member', 36),
(176, 'contain', 37),
(177, 'notation', 38),
(178, 'in set', 39),
(179, 'in', 41),
(180, 'equal', 42),
(181, 'if', 43),
(182, 'only', 44),
(183, 'R', 47),
(184, 'rational', 48),
(185, 'Q', 49),
(186, 'Z', 50),
(187, 'N', 51),
(188, 'natural', 52),
(189, 'describe', 53),
(190, 'list', 54),
(191, 'between', 10),
(192, 'brace', 57),
(193, 'ellipses', 58),
(194, 'some', 59),
(195, 'general', 60),
(196, 'pattern', 61),
(197, 'obvious', 62),
(198, 'builder', 63),
(199, 'venn', 64),
(200, 'diagram', 65),
(201, 'graphically', 67),
(202, 'universal', 68),
(203, 'geometrical', 71),
(204, 'relationship', 74),
(205, 'empty', 75),
(206, 'no', 76),
(207, 'singleton', 77),
(208, 'one element', 78),
(209, 'subset', 79),
(210, 'every element', 80),
(211, 'trivial', 81),
(212, 'proper', 83),
(213, 'application', 84),
(214, 'theory', 85),
(215, 'counting', 86),
(216, 'problem', 87),
(217, 'extensively', 88),
(218, 'size', 89),
(219, 'finite', 90),
(220, 'cardinality', 91),
(221, 'infinite', 92),
(222, 'power', 93),
(223, 'ordered', 94),
(224, 'tuple', 95),
(225, 'Cartesian', 96),
(226, 'product', 97),
(227, 'pair', 98),
(228, 'multiple', 22),
(229, 'union', 99),
(230, 'disjoint', 102),
(231, 'difference', 103),
(232, 'complement', 104),
(233, 'respect', 105),
(234, 'integral', 107),
(235, 'part', 108),
(236, 'function', 109),
(237, 'greatest', 110),
(238, 'fractional', 111),
(239, 'formula', 112),
(240, 'below', 113),
(241, 'given', 19),
(242, 'symbol', 114),
(243, 'common', 8),
(244, 'divisor', 115),
(245, 'gcd', 116),
(246, 'Euclidean', 117),
(247, 'algorithm', 118),
(248, 'remainder', 119),
(249, 'nonzero', 120),
(250, 'chain', 122),
(251, 'floor', 124),
(252, 'less', 125),
(253, 'than', 126),
(254, 'ceil', 127),
(255, 'ceiling', 128),
(256, 'irrational', 131),
(257, 'multiplication', 132),
(258, 'equality', 133),
(259, 'multiply', 134),
(260, 'smallest', 136),
(261, 'connect', 449),
(262, 'non-collinear', 1064),
(263, 'different', 212),
(264, 'end', 703),
(265, 'corresponding', 997),
(266, 'vertex', 162),
(267, 'correspondence', 899),
(268, 'exterior', 346),
(269, 'theorem', 342),
(270, 'measure', 179),
(271, 'nonadjacent', 993),
(272, 'sum', 1),
(273, 'polygon', 813),
(274, 'adjacent', 422),
(275, 'straight', 339),
(276, '180', 333),
(277, 'equilateral', 421),
(278, '60', 211),
(279, 'at most', 1065),
(280, 'obtuse', 180),
(281, 'lie', 338),
(282, 'opposite', 347),
(283, 'congruent', 217),
(284, 'remaining', 1066),
(285, 'third', 361),
(286, 'complementary', 588),
(287, 'scalene', 1067),
(288, 'postulate', 902),
(289, 'Hy-Leg', 1068),
(290, 'Hypotenuse-Leg', 1069),
(291, 'isosceles', 332),
(292, 'at least', 1070),
(293, 'included', 360),
(294, 'join', 305),
(295, 'one-half', 1008),
(296, 'converse', 343),
(297, 'base', 244),
(298, 'median', 309),
(299, 'parallelogram', 177),
(300, 'either', 983),
(301, 'diagonal', 433),
(302, 'separate', 1071),
(303, 'extended', 373),
(304, 'non-equal', 1072),
(305, 'longer', 311),
(306, 'other', 345),
(307, 'intersecting', 402),
(308, 'proportionally', 1073),
(309, 'Pythagorean', 366),
(310, 'sum length', 1074),
(311, 'trigonometric', 591),
(312, 'definition', 612),
(313, 'similarity', 1075),
(314, 'proportion', 252),
(315, 'original', 1076),
(316, 'entire', 1077),
(317, '45', 1078),
(318, 'root', 21),
(319, '2', 282),
(320, '30', 444),
(321, 'shorter', 310),
(322, '3', 182),
(323, 'equivalent', 619),
(324, 'one-fourth', 288),
(325, 'under', 732),
(326, 'congruence', 980),
(327, 'locus', 1079),
(328, 'fixed', 398),
(329, 'endpoint', 383),
(330, 'exclude', 1080),
(331, 'any', 697),
(332, 'over', 1081),
(333, 'absolute', 314),
(334, 'law', 348),
(335, 'identity', 561),
(336, 'half', 365),
(337, 'minus', 1092),
(338, 'add', 331),
(339, 'plus', 1097),
(340, 'SAS', 917),
(341, 'vertices', 163);

-- --------------------------------------------------------

--
-- Table structure for table `keyword_mapping`
--

CREATE TABLE IF NOT EXISTS `keyword_mapping` (
  `kmid` int(10) unsigned NOT NULL,
  `keyword_id` int(10) unsigned NOT NULL,
  `type_id` int(1) unsigned NOT NULL,
  `item_id` int(10) unsigned NOT NULL
) ENGINE=InnoDB AUTO_INCREMENT=1382 DEFAULT CHARSET=latin1;

--
-- Dumping data for table `keyword_mapping`
--

INSERT INTO `keyword_mapping` (`kmid`, `keyword_id`, `type_id`, `item_id`) VALUES
(1, 1, 3, 1),
(2, 2, 3, 1),
(3, 3, 3, 1),
(4, 4, 3, 1),
(5, 5, 3, 1),
(6, 1, 3, 2),
(7, 2, 3, 2),
(8, 3, 3, 2),
(9, 6, 3, 2),
(10, 4, 3, 2),
(11, 5, 3, 2),
(12, 2, 3, 3),
(13, 1, 3, 3),
(14, 7, 3, 3),
(15, 8, 3, 3),
(16, 9, 3, 3),
(17, 10, 3, 3),
(18, 11, 3, 3),
(19, 6, 3, 3),
(20, 4, 3, 3),
(21, 5, 3, 3),
(22, 2, 3, 4),
(23, 1, 3, 4),
(24, 7, 3, 4),
(25, 8, 3, 4),
(26, 9, 3, 4),
(27, 12, 3, 4),
(28, 6, 3, 4),
(29, 4, 3, 4),
(30, 5, 3, 4),
(31, 2, 3, 5),
(32, 1, 3, 5),
(33, 4, 3, 5),
(34, 12, 3, 5),
(35, 5, 3, 5),
(36, 1, 3, 6),
(37, 2, 3, 6),
(38, 4, 3, 6),
(39, 5, 3, 6),
(40, 9, 3, 16),
(41, 4, 3, 16),
(42, 5, 3, 16),
(43, 13, 3, 16),
(44, 14, 3, 16),
(45, 9, 3, 15),
(46, 4, 3, 15),
(47, 5, 3, 15),
(48, 15, 3, 15),
(49, 16, 3, 15),
(50, 17, 3, 15),
(51, 9, 3, 14),
(52, 18, 3, 14),
(53, 19, 3, 14),
(54, 4, 3, 14),
(55, 5, 3, 14),
(56, 15, 3, 14),
(57, 16, 3, 14),
(58, 13, 3, 14),
(59, 14, 3, 14),
(60, 9, 3, 13),
(61, 4, 3, 13),
(62, 5, 3, 13),
(63, 20, 3, 13),
(64, 21, 3, 13),
(65, 2, 3, 12),
(66, 1, 3, 12),
(67, 10, 3, 12),
(68, 11, 3, 12),
(69, 18, 3, 12),
(70, 22, 3, 12),
(71, 5, 3, 12),
(72, 2, 3, 11),
(73, 1, 3, 11),
(74, 18, 3, 11),
(75, 23, 3, 11),
(76, 24, 3, 11),
(77, 25, 3, 11),
(78, 5, 3, 11),
(79, 18, 3, 10),
(80, 26, 3, 10),
(81, 27, 3, 10),
(82, 28, 3, 10),
(83, 23, 3, 10),
(84, 1, 3, 10),
(85, 2, 3, 10),
(86, 29, 3, 10),
(87, 30, 3, 10),
(88, 5, 3, 10),
(89, 2, 3, 9),
(90, 1, 3, 9),
(91, 4, 3, 9),
(92, 8, 3, 9),
(93, 9, 3, 9),
(94, 31, 3, 9),
(95, 5, 3, 9),
(96, 1, 3, 8),
(97, 2, 3, 8),
(98, 9, 3, 8),
(99, 4, 3, 8),
(100, 5, 3, 8),
(101, 2, 3, 7),
(102, 3, 3, 7),
(103, 12, 3, 7),
(104, 6, 3, 7),
(105, 4, 3, 7),
(106, 5, 3, 7),
(107, 32, 3, 26),
(108, 33, 3, 26),
(109, 34, 3, 26),
(110, 5, 3, 26),
(111, 5, 3, 25),
(112, 33, 3, 25),
(113, 34, 3, 25),
(114, 35, 3, 25),
(115, 32, 3, 24),
(116, 33, 3, 24),
(117, 34, 3, 24),
(118, 5, 3, 24),
(119, 32, 3, 23),
(120, 33, 3, 23),
(121, 34, 3, 23),
(122, 36, 3, 23),
(123, 5, 3, 23),
(124, 36, 3, 26),
(125, 36, 3, 24),
(126, 35, 3, 22),
(127, 33, 3, 22),
(128, 34, 3, 22),
(129, 36, 3, 22),
(130, 5, 3, 22),
(131, 32, 3, 21),
(132, 33, 3, 21),
(133, 34, 3, 21),
(134, 36, 3, 21),
(135, 5, 3, 21),
(136, 32, 3, 20),
(137, 33, 3, 20),
(138, 34, 3, 20),
(139, 36, 3, 20),
(140, 5, 3, 20),
(141, 32, 3, 19),
(142, 33, 3, 19),
(143, 34, 3, 19),
(144, 36, 3, 19),
(145, 5, 3, 19),
(146, 15, 3, 18),
(147, 16, 3, 18),
(148, 36, 3, 18),
(149, 5, 3, 18),
(150, 37, 3, 18),
(151, 38, 3, 18),
(152, 9, 3, 17),
(153, 4, 3, 17),
(154, 33, 3, 17),
(155, 34, 3, 17),
(156, 5, 3, 17),
(157, 13, 3, 17),
(158, 14, 3, 17),
(159, 35, 3, 36),
(160, 33, 3, 36),
(161, 34, 3, 36),
(162, 5, 3, 36),
(163, 35, 3, 35),
(164, 33, 3, 35),
(165, 34, 3, 35),
(166, 5, 3, 35),
(167, 35, 3, 34),
(168, 33, 3, 34),
(169, 34, 3, 34),
(170, 36, 3, 34),
(171, 5, 3, 34),
(172, 32, 3, 33),
(173, 33, 3, 33),
(174, 34, 3, 33),
(175, 36, 3, 33),
(176, 5, 3, 33),
(177, 32, 3, 32),
(178, 33, 3, 32),
(179, 34, 3, 32),
(180, 5, 3, 32),
(181, 35, 3, 31),
(182, 33, 3, 31),
(183, 34, 3, 31),
(184, 36, 3, 31),
(185, 5, 3, 31),
(186, 35, 3, 30),
(187, 33, 3, 30),
(188, 34, 3, 30),
(189, 36, 3, 30),
(190, 5, 3, 30),
(191, 32, 3, 29),
(192, 33, 3, 29),
(193, 34, 3, 29),
(194, 36, 3, 29),
(195, 5, 3, 29),
(196, 33, 3, 28),
(197, 34, 3, 28),
(198, 32, 3, 28),
(199, 36, 3, 28),
(200, 5, 3, 28),
(201, 32, 3, 27),
(202, 33, 3, 27),
(203, 34, 3, 27),
(204, 36, 3, 27),
(205, 5, 3, 27),
(206, 35, 3, 46),
(207, 33, 3, 46),
(208, 34, 3, 46),
(209, 5, 3, 46),
(210, 32, 3, 45),
(211, 33, 3, 45),
(212, 34, 3, 45),
(213, 5, 3, 45),
(214, 32, 3, 44),
(215, 33, 3, 44),
(216, 34, 3, 44),
(217, 36, 3, 44),
(218, 5, 3, 44),
(219, 32, 3, 43),
(220, 33, 3, 43),
(221, 34, 3, 43),
(222, 5, 3, 43),
(223, 32, 3, 42),
(224, 33, 3, 42),
(225, 34, 3, 42),
(226, 36, 3, 42),
(227, 5, 3, 42),
(228, 32, 3, 41),
(229, 33, 3, 41),
(230, 34, 3, 41),
(231, 36, 3, 41),
(232, 5, 3, 41),
(233, 32, 3, 40),
(234, 33, 3, 40),
(235, 34, 3, 40),
(236, 36, 3, 40),
(237, 5, 3, 40),
(238, 32, 3, 39),
(239, 33, 3, 39),
(240, 34, 3, 39),
(241, 36, 3, 39),
(242, 5, 3, 39),
(243, 35, 3, 38),
(244, 33, 3, 38),
(245, 34, 3, 38),
(246, 36, 3, 38),
(247, 5, 3, 38),
(248, 35, 3, 37),
(249, 33, 3, 37),
(250, 34, 3, 37),
(251, 5, 3, 37),
(252, 35, 3, 56),
(253, 33, 3, 56),
(254, 34, 3, 56),
(255, 36, 3, 56),
(256, 5, 3, 56),
(257, 32, 3, 55),
(258, 33, 3, 55),
(259, 39, 3, 55),
(260, 36, 3, 55),
(261, 5, 3, 55),
(262, 32, 3, 54),
(263, 33, 3, 54),
(264, 34, 3, 54),
(265, 36, 3, 54),
(266, 5, 3, 54),
(267, 32, 3, 53),
(268, 33, 3, 53),
(269, 34, 3, 53),
(270, 36, 3, 53),
(271, 5, 3, 53),
(272, 32, 3, 52),
(273, 33, 3, 52),
(274, 34, 3, 52),
(275, 36, 3, 52),
(276, 5, 3, 52),
(277, 35, 3, 51),
(278, 33, 3, 51),
(279, 34, 3, 51),
(280, 36, 3, 51),
(281, 5, 3, 51),
(282, 35, 3, 50),
(283, 33, 3, 50),
(284, 34, 3, 50),
(285, 36, 3, 50),
(286, 5, 3, 50),
(287, 32, 3, 49),
(288, 33, 3, 49),
(289, 34, 3, 49),
(290, 36, 3, 49),
(291, 5, 3, 49),
(292, 32, 3, 48),
(293, 33, 3, 48),
(294, 34, 3, 48),
(295, 5, 3, 48),
(296, 32, 3, 47),
(297, 33, 3, 47),
(298, 34, 3, 47),
(299, 36, 3, 47),
(300, 5, 3, 47),
(301, 40, 3, 66),
(302, 41, 3, 66),
(303, 42, 3, 66),
(304, 4, 3, 66),
(305, 43, 3, 66),
(306, 44, 3, 66),
(307, 9, 3, 66),
(308, 32, 3, 65),
(309, 33, 3, 65),
(310, 34, 3, 65),
(311, 36, 3, 65),
(312, 5, 3, 65),
(313, 33, 3, 64),
(314, 34, 3, 64),
(315, 5, 3, 64),
(316, 32, 3, 63),
(317, 33, 3, 63),
(318, 34, 3, 63),
(319, 5, 3, 63),
(320, 2, 3, 62),
(321, 1, 3, 62),
(322, 4, 3, 62),
(323, 5, 3, 62),
(324, 32, 3, 61),
(325, 33, 3, 61),
(326, 34, 3, 61),
(327, 45, 3, 61),
(328, 5, 3, 61),
(329, 32, 3, 60),
(330, 33, 3, 60),
(331, 34, 3, 60),
(332, 5, 3, 60),
(333, 32, 3, 59),
(334, 33, 3, 59),
(335, 34, 3, 59),
(336, 5, 3, 59),
(337, 32, 3, 58),
(338, 33, 3, 58),
(339, 34, 3, 58),
(340, 36, 3, 58),
(341, 5, 3, 58),
(342, 32, 3, 57),
(343, 33, 3, 57),
(344, 34, 3, 57),
(345, 36, 3, 57),
(346, 5, 3, 57),
(347, 46, 3, 76),
(348, 47, 3, 76),
(349, 48, 3, 76),
(350, 49, 3, 76),
(351, 50, 3, 76),
(352, 51, 3, 76),
(353, 27, 3, 76),
(354, 40, 3, 75),
(355, 52, 3, 75),
(356, 53, 3, 75),
(357, 38, 3, 75),
(358, 54, 3, 75),
(359, 55, 3, 75),
(360, 56, 3, 75),
(361, 57, 3, 75),
(362, 58, 3, 75),
(363, 59, 3, 75),
(364, 60, 3, 75),
(365, 61, 3, 75),
(366, 62, 3, 75),
(367, 63, 3, 75),
(368, 64, 3, 74),
(369, 65, 3, 74),
(370, 66, 3, 74),
(371, 67, 3, 74),
(372, 54, 3, 74),
(373, 25, 3, 74),
(374, 68, 3, 74),
(375, 69, 3, 74),
(376, 62, 3, 74),
(377, 70, 3, 74),
(378, 34, 3, 74),
(379, 71, 3, 74),
(380, 72, 3, 74),
(381, 73, 3, 73),
(382, 74, 3, 73),
(383, 75, 3, 73),
(384, 54, 3, 73),
(385, 76, 3, 73),
(386, 45, 3, 73),
(387, 77, 3, 73),
(388, 59, 3, 73),
(389, 78, 3, 73),
(390, 62, 3, 72),
(391, 79, 3, 72),
(392, 80, 3, 72),
(393, 81, 3, 71),
(394, 82, 3, 71),
(395, 83, 3, 71),
(396, 52, 3, 70),
(397, 27, 3, 70),
(398, 84, 3, 70),
(399, 56, 3, 70),
(400, 25, 3, 69),
(401, 47, 3, 69),
(402, 85, 3, 69),
(403, 86, 3, 69),
(404, 87, 3, 69),
(405, 88, 3, 69),
(406, 25, 3, 68),
(407, 85, 3, 68),
(408, 41, 3, 68),
(409, 52, 3, 67),
(410, 47, 3, 67),
(411, 89, 3, 67),
(412, 84, 3, 67),
(413, 90, 3, 67),
(414, 34, 3, 67),
(415, 27, 3, 67),
(416, 91, 3, 67),
(417, 92, 3, 86),
(418, 93, 3, 86),
(419, 94, 3, 86),
(420, 95, 3, 86),
(421, 80, 3, 86),
(422, 96, 3, 86),
(423, 97, 3, 85),
(424, 32, 3, 85),
(425, 95, 3, 85),
(426, 5, 3, 85),
(427, 45, 3, 84),
(428, 32, 3, 84),
(429, 33, 3, 84),
(430, 34, 3, 84),
(431, 95, 3, 84),
(432, 25, 3, 83),
(433, 47, 3, 83),
(434, 85, 3, 83),
(435, 86, 3, 83),
(436, 87, 3, 83),
(437, 88, 3, 83),
(438, 40, 3, 82),
(439, 98, 3, 82),
(440, 89, 3, 82),
(441, 99, 3, 82),
(442, 100, 3, 82),
(443, 54, 3, 82),
(444, 1, 3, 82),
(445, 101, 3, 82),
(446, 102, 3, 82),
(447, 103, 3, 82),
(448, 25, 3, 82),
(449, 90, 3, 82),
(450, 104, 3, 82),
(451, 63, 3, 82),
(452, 105, 3, 82),
(453, 40, 3, 81),
(454, 89, 3, 81),
(455, 107, 3, 81),
(456, 4, 3, 81),
(457, 5, 3, 81),
(458, 94, 3, 81),
(459, 95, 3, 81),
(460, 2, 3, 80),
(461, 108, 3, 80),
(462, 109, 3, 80),
(463, 4, 3, 80),
(464, 110, 3, 80),
(465, 104, 3, 80),
(466, 41, 3, 80),
(467, 86, 3, 79),
(468, 87, 3, 79),
(469, 88, 3, 79),
(470, 111, 3, 78),
(471, 112, 3, 78),
(472, 113, 3, 78),
(473, 41, 3, 78),
(474, 114, 3, 77),
(475, 34, 3, 77),
(476, 72, 3, 77),
(477, 115, 3, 77),
(478, 116, 3, 77),
(479, 117, 3, 77),
(480, 40, 3, 96),
(481, 118, 3, 96),
(482, 119, 3, 96),
(483, 120, 3, 96),
(484, 121, 3, 96),
(485, 109, 3, 96),
(486, 122, 3, 95),
(487, 123, 3, 95),
(488, 124, 3, 95),
(489, 125, 3, 95),
(490, 126, 3, 95),
(491, 127, 3, 95),
(492, 128, 3, 95),
(493, 129, 3, 95),
(494, 130, 3, 95),
(495, 131, 3, 95),
(496, 132, 3, 94),
(497, 133, 3, 94),
(498, 134, 3, 94),
(499, 135, 3, 94),
(500, 136, 3, 94),
(501, 137, 3, 94),
(502, 138, 3, 94),
(503, 139, 3, 94),
(504, 47, 3, 93),
(505, 38, 3, 93),
(506, 53, 3, 93),
(507, 99, 3, 93),
(508, 27, 3, 93),
(509, 140, 3, 93),
(510, 46, 3, 93),
(511, 46, 3, 92),
(512, 47, 3, 92),
(513, 48, 3, 92),
(514, 49, 3, 92),
(515, 27, 3, 92),
(516, 141, 3, 92),
(517, 142, 3, 91),
(518, 143, 3, 91),
(519, 144, 3, 91),
(520, 145, 3, 91),
(521, 146, 3, 91),
(522, 57, 3, 91),
(523, 147, 3, 91),
(524, 148, 3, 91),
(525, 90, 3, 91),
(526, 149, 3, 91),
(527, 104, 3, 91),
(528, 41, 3, 91),
(529, 40, 3, 90),
(530, 38, 3, 90),
(531, 53, 3, 90),
(532, 104, 3, 90),
(533, 63, 3, 90),
(534, 105, 3, 90),
(535, 40, 3, 89),
(536, 150, 3, 89),
(537, 104, 3, 89),
(538, 4, 3, 89),
(539, 63, 3, 89),
(540, 40, 3, 88),
(541, 150, 3, 88),
(542, 151, 3, 88),
(543, 25, 3, 88),
(544, 4, 3, 88),
(545, 152, 3, 88),
(546, 153, 3, 88),
(547, 63, 3, 88),
(548, 11, 3, 88),
(549, 40, 3, 87),
(550, 47, 3, 87),
(551, 141, 3, 87),
(552, 41, 3, 87),
(553, 40, 3, 101),
(554, 9, 3, 101),
(555, 1, 3, 101),
(556, 2, 3, 101),
(557, 41, 3, 101),
(558, 40, 3, 100),
(559, 154, 3, 100),
(560, 47, 3, 100),
(561, 155, 3, 100),
(562, 156, 3, 100),
(563, 109, 3, 100),
(564, 9, 3, 100),
(565, 11, 3, 100),
(566, 157, 3, 99),
(567, 27, 3, 99),
(568, 91, 3, 99),
(569, 101, 3, 99),
(570, 53, 3, 99),
(571, 36, 3, 98),
(572, 34, 3, 98),
(573, 79, 3, 98),
(574, 158, 3, 98),
(575, 159, 3, 97),
(576, 160, 3, 97),
(577, 161, 3, 97),
(578, 162, 3, 97),
(579, 163, 4, 1),
(580, 164, 4, 1),
(581, 165, 4, 1),
(582, 166, 4, 1),
(583, 167, 4, 1),
(584, 168, 4, 1),
(585, 169, 4, 1),
(586, 170, 4, 1),
(587, 171, 4, 1),
(588, 163, 4, 2),
(589, 172, 4, 2),
(590, 173, 4, 2),
(591, 169, 4, 2),
(592, 174, 4, 3),
(593, 169, 4, 3),
(594, 163, 4, 3),
(595, 175, 4, 3),
(596, 176, 4, 3),
(597, 177, 4, 4),
(598, 174, 4, 4),
(599, 178, 4, 4),
(600, 177, 4, 5),
(601, 174, 4, 5),
(602, 106, 4, 5),
(603, 179, 4, 5),
(604, 163, 4, 5),
(605, 25, 4, 14),
(606, 163, 4, 14),
(607, 180, 4, 14),
(608, 181, 4, 14),
(609, 182, 4, 14),
(610, 138, 4, 14),
(611, 174, 4, 14),
(612, 177, 4, 13),
(613, 163, 4, 13),
(614, 33, 4, 13),
(615, 34, 4, 13),
(616, 183, 4, 13),
(617, 177, 4, 12),
(618, 163, 4, 12),
(619, 184, 4, 12),
(620, 34, 4, 12),
(621, 185, 4, 12),
(622, 177, 4, 11),
(623, 163, 4, 11),
(624, 32, 4, 11),
(625, 79, 4, 11),
(626, 186, 4, 11),
(627, 177, 4, 10),
(628, 163, 4, 10),
(629, 79, 4, 10),
(630, 186, 4, 10),
(631, 177, 4, 9),
(632, 187, 4, 9),
(633, 163, 4, 9),
(634, 188, 4, 9),
(635, 34, 4, 9),
(636, 189, 4, 6),
(637, 163, 4, 6),
(638, 190, 4, 6),
(639, 154, 4, 6),
(640, 175, 4, 6),
(641, 70, 4, 6),
(642, 191, 4, 6),
(643, 192, 4, 6),
(644, 174, 4, 6),
(645, 193, 4, 7),
(646, 174, 4, 7),
(647, 190, 4, 7),
(648, 192, 4, 7),
(649, 177, 4, 7),
(650, 189, 4, 7),
(651, 163, 4, 7),
(652, 154, 4, 7),
(653, 175, 4, 7),
(654, 194, 4, 7),
(655, 195, 4, 7),
(656, 196, 4, 7),
(657, 197, 4, 7),
(658, 163, 4, 8),
(659, 198, 4, 8),
(660, 177, 4, 8),
(661, 174, 4, 8),
(662, 154, 4, 8),
(663, 171, 4, 8),
(664, 175, 4, 8),
(665, 199, 4, 15),
(666, 200, 4, 15),
(667, 163, 4, 15),
(668, 116, 4, 15),
(669, 201, 4, 15),
(670, 202, 4, 15),
(671, 154, 4, 15),
(672, 169, 4, 15),
(673, 150, 4, 15),
(674, 53, 4, 15),
(675, 203, 4, 15),
(676, 40, 4, 15),
(677, 27, 4, 15),
(678, 174, 4, 15),
(679, 204, 4, 15),
(680, 191, 4, 15),
(681, 205, 4, 16),
(682, 163, 4, 16),
(683, 206, 4, 16),
(684, 174, 4, 16),
(685, 177, 4, 16),
(686, 207, 4, 17),
(687, 163, 4, 17),
(688, 208, 4, 17),
(689, 209, 4, 18),
(690, 163, 4, 18),
(691, 181, 4, 18),
(692, 182, 4, 18),
(693, 210, 4, 18),
(694, 177, 4, 18),
(695, 171, 4, 19),
(696, 211, 4, 19),
(697, 163, 4, 19),
(698, 129, 4, 19),
(699, 205, 4, 19),
(700, 212, 4, 20),
(701, 209, 4, 20),
(702, 163, 4, 20),
(703, 106, 4, 20),
(704, 180, 4, 20),
(705, 213, 4, 21),
(706, 163, 4, 21),
(707, 214, 4, 21),
(708, 215, 4, 21),
(709, 216, 4, 21),
(710, 217, 4, 21),
(711, 218, 4, 21),
(712, 218, 4, 22),
(713, 163, 4, 22),
(714, 174, 4, 22),
(715, 219, 4, 22),
(716, 220, 4, 22),
(717, 221, 4, 23),
(718, 163, 4, 23),
(719, 106, 4, 23),
(720, 219, 4, 23),
(721, 222, 4, 24),
(722, 163, 4, 24),
(723, 209, 4, 24),
(724, 223, 4, 25),
(725, 224, 4, 25),
(726, 173, 4, 25),
(727, 174, 4, 25),
(728, 225, 4, 26),
(729, 226, 4, 26),
(730, 25, 4, 26),
(731, 163, 4, 26),
(732, 223, 4, 26),
(733, 227, 4, 26),
(734, 225, 4, 27),
(735, 226, 4, 27),
(736, 228, 4, 27),
(737, 163, 4, 27),
(738, 223, 4, 27),
(739, 224, 4, 27),
(740, 229, 4, 28),
(741, 25, 4, 28),
(742, 163, 4, 28),
(743, 174, 4, 28),
(744, 176, 4, 28),
(745, 71, 4, 28),
(746, 91, 4, 29),
(747, 25, 4, 29),
(748, 163, 4, 29),
(749, 176, 4, 29),
(750, 174, 4, 29),
(751, 71, 4, 29),
(752, 230, 4, 30),
(753, 163, 4, 30),
(754, 25, 4, 30),
(755, 91, 4, 30),
(756, 205, 4, 30),
(757, 220, 4, 31),
(758, 229, 4, 31),
(759, 25, 4, 31),
(760, 219, 4, 31),
(761, 163, 4, 31),
(762, 231, 4, 32),
(763, 25, 4, 32),
(764, 163, 4, 32),
(765, 176, 4, 32),
(766, 174, 4, 32),
(767, 232, 4, 32),
(768, 233, 4, 32),
(769, 232, 4, 33),
(770, 163, 4, 33),
(771, 202, 4, 33),
(772, 231, 4, 33),
(773, 189, 4, 8),
(774, 151, 4, 34),
(775, 228, 4, 34),
(776, 79, 4, 34),
(777, 177, 4, 34),
(778, 79, 4, 35),
(779, 234, 4, 35),
(780, 235, 4, 35),
(781, 236, 4, 35),
(782, 237, 4, 35),
(783, 238, 4, 35),
(784, 239, 4, 35),
(785, 171, 4, 37),
(786, 237, 4, 37),
(787, 79, 4, 37),
(788, 236, 4, 37),
(789, 234, 4, 37),
(790, 235, 4, 37),
(791, 237, 4, 36),
(792, 79, 4, 36),
(793, 240, 4, 36),
(794, 241, 4, 36),
(795, 34, 4, 36),
(796, 33, 4, 36),
(797, 242, 4, 36),
(798, 237, 4, 38),
(799, 243, 4, 38),
(800, 244, 4, 38),
(801, 245, 4, 38),
(802, 246, 4, 39),
(803, 247, 4, 39),
(804, 237, 4, 39),
(805, 243, 4, 39),
(806, 244, 4, 39),
(807, 248, 4, 39),
(808, 245, 4, 39),
(809, 249, 4, 39),
(810, 115, 4, 39),
(811, 250, 4, 39),
(812, 85, 4, 39),
(813, 251, 4, 40),
(814, 236, 4, 40),
(815, 237, 4, 40),
(816, 79, 4, 40),
(817, 252, 4, 40),
(818, 253, 4, 40),
(819, 180, 4, 40),
(820, 254, 4, 41),
(821, 236, 4, 41),
(822, 255, 4, 41),
(823, 136, 4, 41),
(824, 79, 4, 41),
(825, 93, 4, 41),
(826, 253, 4, 41),
(827, 180, 4, 41),
(828, 234, 4, 42),
(829, 235, 4, 42),
(830, 238, 4, 42),
(831, 79, 4, 42),
(832, 237, 4, 42),
(833, 231, 4, 42),
(834, 256, 4, 42),
(835, 257, 4, 43),
(836, 171, 4, 43),
(837, 258, 4, 43),
(838, 259, 4, 43),
(839, 180, 4, 43),
(840, 226, 4, 43),
(841, 257, 4, 44),
(842, 171, 4, 44),
(843, 5, 4, 44),
(844, 32, 4, 44),
(845, 259, 4, 44),
(846, 136, 4, 45),
(847, 243, 4, 45),
(848, 228, 4, 45),
(849, 32, 4, 45),
(850, 79, 4, 45),
(851, 71, 4, 45),
(852, 219, 4, 45),
(853, 249, 4, 45),
(854, 4, 4, 46),
(855, 40, 4, 46),
(856, 261, 4, 46),
(857, 52, 4, 46),
(858, 262, 4, 46),
(859, 27, 4, 46),
(860, 263, 4, 46),
(861, 47, 4, 46),
(862, 155, 4, 46),
(863, 25, 4, 46),
(864, 264, 4, 46),
(865, 265, 4, 56),
(866, 9, 4, 56),
(867, 4, 4, 56),
(868, 227, 4, 56),
(869, 266, 4, 56),
(870, 241, 4, 56),
(871, 267, 4, 56),
(872, 191, 4, 56),
(873, 25, 4, 56),
(874, 268, 4, 55),
(875, 9, 4, 55),
(876, 5, 4, 55),
(877, 269, 4, 55),
(878, 270, 4, 55),
(879, 4, 4, 55),
(880, 93, 4, 55),
(881, 271, 4, 55),
(882, 268, 4, 54),
(883, 9, 4, 54),
(884, 4, 4, 54),
(885, 269, 4, 54),
(886, 270, 4, 54),
(887, 180, 4, 54),
(888, 272, 4, 54),
(889, 25, 4, 54),
(890, 271, 4, 54),
(891, 26, 4, 54),
(892, 268, 4, 53),
(893, 9, 4, 53),
(894, 4, 4, 53),
(895, 273, 4, 53),
(896, 274, 4, 53),
(897, 26, 4, 53),
(898, 275, 4, 53),
(899, 47, 4, 53),
(900, 272, 4, 47),
(901, 9, 4, 47),
(902, 4, 4, 47),
(903, 276, 4, 47),
(904, 270, 4, 47),
(905, 9, 4, 48),
(906, 277, 4, 48),
(907, 4, 4, 48),
(908, 270, 4, 48),
(909, 64, 4, 48),
(910, 278, 4, 48),
(911, 4, 4, 49),
(912, 279, 4, 49),
(913, 54, 4, 49),
(914, 109, 4, 49),
(915, 280, 4, 49),
(916, 9, 4, 49),
(917, 265, 4, 52),
(918, 1, 4, 52),
(919, 4, 4, 52),
(920, 227, 4, 52),
(921, 155, 4, 52),
(922, 264, 4, 52),
(923, 27, 4, 52),
(924, 266, 4, 52),
(925, 241, 4, 52),
(926, 267, 4, 52),
(927, 191, 4, 52),
(928, 25, 4, 52),
(929, 281, 4, 52),
(930, 282, 4, 52),
(931, 9, 4, 52),
(932, 25, 4, 51),
(933, 9, 4, 51),
(934, 4, 4, 51),
(935, 283, 4, 51),
(936, 55, 4, 51),
(937, 284, 4, 51),
(938, 285, 4, 51),
(939, 286, 4, 50),
(940, 9, 4, 50),
(941, 109, 4, 50),
(942, 4, 4, 50),
(943, 19, 4, 50),
(944, 287, 4, 65),
(945, 4, 4, 65),
(946, 206, 4, 65),
(947, 283, 4, 65),
(948, 1, 4, 65),
(949, 266, 4, 66),
(950, 25, 4, 66),
(951, 109, 4, 66),
(952, 4, 4, 66),
(953, 227, 4, 66),
(954, 110, 4, 66),
(955, 108, 4, 66),
(956, 283, 4, 66),
(957, 265, 4, 66),
(958, 1, 4, 66),
(959, 125, 4, 66),
(960, 288, 4, 66),
(961, 289, 4, 66),
(962, 290, 4, 66),
(963, 109, 4, 62),
(964, 4, 4, 62),
(965, 1, 4, 62),
(966, 282, 4, 62),
(967, 9, 4, 62),
(968, 110, 4, 62),
(969, 25, 4, 62),
(970, 284, 4, 62),
(971, 108, 4, 62),
(972, 9, 4, 63),
(973, 1, 4, 63),
(974, 269, 4, 63),
(975, 266, 4, 63),
(976, 25, 4, 63),
(977, 4, 4, 63),
(978, 227, 4, 63),
(979, 282, 4, 63),
(980, 283, 4, 63),
(981, 291, 4, 58),
(982, 4, 4, 58),
(983, 292, 4, 58),
(984, 25, 4, 58),
(985, 283, 4, 58),
(986, 1, 4, 58),
(987, 277, 4, 57),
(988, 4, 4, 57),
(989, 52, 4, 57),
(990, 283, 4, 57),
(991, 1, 4, 57),
(992, 283, 4, 59),
(993, 4, 4, 59),
(994, 25, 4, 59),
(995, 266, 4, 59),
(996, 227, 4, 59),
(997, 36, 4, 59),
(998, 154, 4, 59),
(999, 265, 4, 59),
(1000, 9, 4, 59),
(1001, 1, 4, 59),
(1002, 1, 4, 60),
(1003, 288, 4, 60),
(1004, 266, 4, 60),
(1005, 25, 4, 60),
(1006, 4, 4, 60),
(1007, 227, 4, 60),
(1008, 54, 4, 60),
(1009, 283, 4, 60),
(1010, 265, 4, 60),
(1011, 125, 4, 60),
(1012, 9, 4, 64),
(1013, 1, 4, 64),
(1014, 288, 4, 64),
(1015, 266, 4, 64),
(1016, 25, 4, 64),
(1017, 4, 4, 64),
(1018, 227, 4, 64),
(1019, 52, 4, 64),
(1020, 293, 4, 64),
(1021, 283, 4, 64),
(1022, 265, 4, 64),
(1023, 235, 4, 64),
(1024, 125, 4, 64),
(1025, 100, 4, 76),
(1026, 4, 4, 76),
(1027, 269, 4, 76),
(1028, 47, 4, 76),
(1029, 155, 4, 76),
(1030, 294, 4, 76),
(1031, 25, 4, 76),
(1032, 1, 4, 76),
(1033, 285, 4, 76),
(1034, 295, 4, 76),
(1035, 2, 4, 76),
(1036, 296, 4, 67),
(1037, 297, 4, 67),
(1038, 9, 4, 67),
(1039, 269, 4, 67),
(1040, 25, 4, 67),
(1041, 4, 4, 67),
(1042, 283, 4, 67),
(1043, 1, 4, 67),
(1044, 282, 4, 67),
(1045, 297, 4, 68),
(1046, 9, 4, 68),
(1047, 269, 4, 68),
(1048, 25, 4, 68),
(1049, 1, 4, 68),
(1050, 4, 4, 68),
(1051, 283, 4, 68),
(1052, 282, 4, 68),
(1053, 298, 4, 70),
(1054, 4, 4, 70),
(1055, 155, 4, 70),
(1056, 266, 4, 70),
(1057, 100, 4, 70),
(1058, 282, 4, 70),
(1059, 1, 4, 70),
(1060, 299, 4, 71),
(1061, 300, 4, 71),
(1062, 301, 4, 71),
(1063, 302, 4, 71),
(1064, 25, 4, 71),
(1065, 283, 4, 71),
(1066, 4, 4, 71),
(1067, 151, 4, 71),
(1068, 3, 4, 69),
(1069, 4, 4, 69),
(1070, 155, 4, 69),
(1071, 266, 4, 69),
(1072, 51, 4, 69),
(1073, 282, 4, 69),
(1074, 1, 4, 69),
(1075, 303, 4, 69),
(1076, 304, 4, 72),
(1077, 9, 4, 72),
(1078, 282, 4, 72),
(1079, 1, 4, 72),
(1080, 4, 4, 72),
(1081, 106, 4, 72),
(1082, 283, 4, 72),
(1083, 305, 4, 72),
(1084, 93, 4, 72),
(1085, 298, 4, 75),
(1086, 110, 4, 75),
(1087, 109, 4, 75),
(1088, 4, 4, 75),
(1089, 2, 4, 75),
(1090, 295, 4, 75),
(1091, 4, 4, 74),
(1092, 5, 4, 74),
(1093, 288, 4, 74),
(1094, 64, 4, 74),
(1095, 1, 4, 74),
(1096, 252, 4, 74),
(1097, 2, 4, 74),
(1098, 306, 4, 74),
(1099, 25, 4, 74),
(1100, 304, 4, 73),
(1101, 1, 4, 73),
(1102, 9, 4, 73),
(1103, 282, 4, 73),
(1104, 25, 4, 73),
(1105, 4, 4, 73),
(1106, 106, 4, 73),
(1107, 283, 4, 73),
(1108, 93, 4, 73),
(1109, 305, 4, 73),
(1110, 47, 4, 77),
(1111, 141, 4, 77),
(1112, 54, 4, 77),
(1113, 1, 4, 77),
(1114, 4, 4, 77),
(1115, 307, 4, 77),
(1116, 306, 4, 77),
(1117, 25, 4, 77),
(1118, 151, 4, 77),
(1119, 308, 4, 77),
(1120, 47, 4, 78),
(1121, 151, 4, 78),
(1122, 25, 4, 78),
(1123, 1, 4, 78),
(1124, 4, 4, 78),
(1125, 308, 4, 78),
(1126, 141, 4, 78),
(1127, 285, 4, 78),
(1128, 56, 4, 79),
(1129, 3, 4, 79),
(1130, 298, 4, 79),
(1131, 170, 4, 79),
(1132, 4, 4, 79),
(1133, 227, 4, 79),
(1134, 2, 4, 79),
(1135, 265, 4, 79),
(1136, 138, 4, 79),
(1137, 1, 4, 79),
(1138, 309, 4, 81),
(1139, 269, 4, 81),
(1140, 101, 4, 81),
(1141, 2, 4, 81),
(1142, 110, 4, 81),
(1143, 109, 4, 81),
(1144, 4, 4, 81),
(1145, 180, 4, 81),
(1146, 310, 4, 81),
(1147, 108, 4, 81),
(1148, 311, 4, 84),
(1149, 56, 4, 84),
(1150, 2, 4, 84),
(1151, 25, 4, 84),
(1152, 1, 4, 84),
(1153, 109, 4, 84),
(1154, 4, 4, 84),
(1155, 241, 4, 84),
(1156, 9, 4, 84),
(1157, 13, 4, 86),
(1158, 236, 4, 86),
(1159, 312, 4, 86),
(1160, 109, 4, 86),
(1161, 9, 4, 86),
(1162, 311, 4, 86),
(1163, 56, 4, 86),
(1164, 38, 4, 85),
(1165, 236, 4, 85),
(1166, 312, 4, 85),
(1167, 109, 4, 85),
(1168, 9, 4, 85),
(1169, 311, 4, 85),
(1170, 56, 4, 85),
(1171, 9, 4, 80),
(1172, 25, 4, 80),
(1173, 4, 4, 80),
(1174, 283, 4, 80),
(1175, 55, 4, 80),
(1176, 170, 4, 80),
(1177, 313, 4, 80),
(1178, 296, 4, 83),
(1179, 309, 4, 83),
(1180, 269, 4, 83),
(1181, 4, 4, 83),
(1182, 101, 4, 83),
(1183, 2, 4, 83),
(1184, 1, 4, 83),
(1185, 180, 4, 83),
(1186, 306, 4, 83),
(1187, 25, 4, 83),
(1188, 109, 4, 83),
(1189, 314, 4, 82),
(1190, 109, 4, 82),
(1191, 4, 4, 82),
(1192, 269, 4, 82),
(1193, 3, 4, 82),
(1194, 110, 4, 82),
(1195, 302, 4, 82),
(1196, 315, 4, 82),
(1197, 170, 4, 82),
(1198, 2, 4, 82),
(1199, 64, 4, 82),
(1200, 108, 4, 82),
(1201, 88, 4, 82),
(1202, 112, 4, 82),
(1203, 191, 4, 82),
(1204, 155, 4, 82),
(1205, 274, 4, 82),
(1206, 316, 4, 82),
(1207, 317, 4, 88),
(1208, 109, 4, 88),
(1209, 4, 4, 88),
(1210, 1, 4, 88),
(1211, 204, 4, 88),
(1212, 2, 4, 88),
(1213, 108, 4, 88),
(1214, 180, 4, 88),
(1215, 110, 4, 88),
(1216, 259, 4, 88),
(1217, 318, 4, 88),
(1218, 319, 4, 88),
(1219, 320, 4, 89),
(1220, 278, 4, 89),
(1221, 109, 4, 89),
(1222, 4, 4, 89),
(1223, 204, 4, 89),
(1224, 2, 4, 89),
(1225, 321, 4, 89),
(1226, 108, 4, 89),
(1227, 282, 4, 89),
(1228, 42, 4, 89),
(1229, 9, 4, 89),
(1230, 295, 4, 89),
(1231, 110, 4, 89),
(1232, 305, 4, 89),
(1233, 259, 4, 89),
(1234, 318, 4, 89),
(1235, 322, 4, 89),
(1236, 25, 4, 91),
(1237, 4, 4, 91),
(1238, 180, 4, 91),
(1239, 297, 4, 91),
(1240, 3, 4, 91),
(1241, 104, 4, 91),
(1242, 323, 4, 91),
(1243, 233, 4, 91),
(1244, 4, 4, 95),
(1245, 269, 4, 95),
(1246, 52, 4, 95),
(1247, 32, 4, 95),
(1248, 34, 4, 95),
(1249, 1, 4, 95),
(1250, 2, 4, 95),
(1251, 104, 4, 93),
(1252, 277, 4, 93),
(1253, 4, 4, 93),
(1254, 180, 4, 93),
(1255, 324, 4, 93),
(1256, 101, 4, 93),
(1257, 2, 4, 93),
(1258, 1, 4, 93),
(1259, 259, 4, 93),
(1260, 318, 4, 93),
(1261, 322, 4, 93),
(1262, 312, 4, 94),
(1263, 283, 4, 94),
(1264, 4, 4, 94),
(1265, 25, 4, 94),
(1266, 325, 4, 94),
(1267, 267, 4, 94),
(1268, 265, 4, 94),
(1269, 1, 4, 94),
(1270, 9, 4, 94),
(1271, 180, 4, 94),
(1272, 270, 4, 94),
(1273, 326, 4, 94),
(1274, 15, 4, 87),
(1275, 236, 4, 87),
(1276, 109, 4, 87),
(1277, 4, 4, 87),
(1278, 311, 4, 87),
(1279, 282, 4, 87),
(1280, 110, 4, 87),
(1281, 274, 4, 87),
(1282, 1, 4, 87),
(1283, 108, 4, 87),
(1284, 327, 4, 96),
(1285, 266, 4, 96),
(1286, 109, 4, 96),
(1287, 9, 4, 96),
(1288, 4, 4, 96),
(1289, 328, 4, 96),
(1290, 110, 4, 96),
(1291, 241, 4, 96),
(1292, 2, 4, 96),
(1293, 53, 4, 96),
(1294, 57, 4, 96),
(1295, 329, 4, 96),
(1296, 330, 4, 96),
(1297, 25, 4, 92),
(1298, 4, 4, 92),
(1299, 170, 4, 92),
(1300, 56, 4, 92),
(1301, 104, 4, 92),
(1302, 180, 4, 92),
(1303, 101, 4, 92),
(1304, 2, 4, 92),
(1305, 331, 4, 92),
(1306, 227, 4, 92),
(1307, 265, 4, 92),
(1308, 1, 4, 92),
(1309, 104, 4, 90),
(1310, 4, 4, 90),
(1311, 180, 4, 90),
(1312, 295, 4, 90),
(1313, 226, 4, 90),
(1314, 2, 4, 90),
(1315, 297, 4, 90),
(1316, 3, 4, 90),
(1317, 274, 4, 86),
(1318, 108, 4, 86),
(1319, 110, 4, 86),
(1320, 282, 4, 86),
(1321, 1, 4, 86),
(1322, 56, 4, 87),
(1323, 332, 4, 86),
(1324, 274, 4, 85),
(1325, 282, 4, 85),
(1326, 1, 4, 85),
(1327, 108, 4, 85),
(1328, 332, 4, 85),
(1329, 110, 4, 85),
(1330, 332, 4, 87),
(1331, 4, 4, 98),
(1332, 5, 4, 98),
(1333, 333, 4, 98),
(1334, 41, 4, 98),
(1335, 4, 4, 97),
(1336, 5, 4, 97),
(1337, 33, 4, 97),
(1338, 34, 4, 97),
(1339, 333, 4, 97),
(1340, 41, 4, 97),
(1341, 334, 4, 99),
(1342, 13, 4, 99),
(1343, 4, 4, 99),
(1344, 1, 4, 99),
(1345, 9, 4, 99),
(1346, 282, 4, 99),
(1347, 4, 4, 100),
(1348, 335, 4, 100),
(1349, 272, 4, 100),
(1350, 20, 4, 100),
(1351, 336, 4, 100),
(1352, 9, 4, 100),
(1353, 21, 4, 100),
(1354, 319, 4, 100),
(1355, 25, 4, 100),
(1356, 61, 4, 100),
(1357, 332, 4, 100),
(1358, 226, 4, 100),
(1359, 14, 4, 99),
(1360, 101, 4, 99),
(1361, 231, 4, 99),
(1362, 337, 4, 99),
(1363, 338, 4, 99),
(1364, 339, 4, 99),
(1365, 226, 4, 99),
(1366, 25, 4, 99),
(1367, 1, 4, 61),
(1368, 9, 4, 61),
(1369, 340, 4, 61),
(1370, 288, 4, 61),
(1371, 266, 4, 61),
(1372, 341, 4, 61),
(1373, 4, 4, 61),
(1374, 25, 4, 61),
(1375, 227, 4, 61),
(1376, 293, 4, 61),
(1377, 283, 4, 61),
(1378, 265, 4, 61),
(1379, 235, 4, 61),
(1380, 125, 4, 61),
(1381, 54, 4, 61);

-- --------------------------------------------------------

--
-- Table structure for table `problem`
--

CREATE TABLE IF NOT EXISTS `problem` (
  `pid` int(10) unsigned NOT NULL,
  `content` varchar(5000) NOT NULL,
  `title` varchar(5000) NOT NULL
) ENGINE=InnoDB AUTO_INCREMENT=109 DEFAULT CHARSET=latin1;

--
-- Dumping data for table `problem`
--

INSERT INTO `problem` (`pid`, `content`, `title`) VALUES
(1, 'Let \\(a, b, c\\) be the side lengths, and \\(h_a, h_b, h_c\\) be the altitudes, respectively, and \\(r\\) be the inradius\r\nof a triangle. Prove the inequality\r\n\\[ \\frac{1}{h_a - 2 r} + \\frac{1}{h_b - 2 r} + \\frac{1}{h_c - 2 r} \\ge \\frac{3}{r}.\r\n\\]', ''),
(2, 'Let \\(a, b, c; l_{\\alpha}, l_{\\beta}, l_{\\gamma}\\) be the lengths of the sides and the bisectors of respective\r\nangles. Let \\(s\\) be the semi-perimeter and \\(r\\) denote the inradius of a given triangle. Prove the inequality\r\n\\[ \\frac{l_{\\alpha}}{a} + \\frac{l_{\\beta}}{b} + \\frac{l_{\\gamma}}{c} \\le \\frac{s}{2 r}.\r\n\\]', ''),
(3, 'Let \\(a, b, c; l_{\\alpha}, l_{\\beta}, l_{\\gamma}\\) be the lengths of the sides and the bisectors of respective\r\nangles. Let \\(R\\) and \\(r\\) be the circumradius and the inradius, respectively, of a given triangle. \r\nProve the inequality\r\n\\[ 18 r^2 \\sqrt{3} \\le a l_{\\alpha} + b l_{\\beta} + c l_{\\gamma} \\le 9 R^2.\r\n\\]', ''),
(4, 'Let \\(a, b, c\\) be the lengths of the sides a triangle, with circumradius \\(R = \\frac{1}{2}\\). Prove the inequality\r\n\\[ \\frac{a^4}{b + c - a} + \\frac{b^4}{a + c - b} + \\frac{c^4}{a + b - c} \\ge 9 \\sqrt{3}.\r\n\\]', ''),
(5, 'Let \\(a, b, c\\) be the side lengths of a triangle. Prove the inequality\r\n\\[ \\frac{a}{3 a - b + c} + \\frac{b}{3 b - c + a} + \\frac{c}{3 c - a + b} \\ge 1.\r\n\\]', ''),
(6, 'Let \\(h_a, h_b, h_c\\) be the lengths of the altitudes, and \\(R\\) and \\(r\\) be the circumradius and inradius, respectively, of a given triangle. Prove the inequality\r\n\\[ h_a + h_b + h_c \\le 2 R + 5 r.\r\n\\]', ''),
(7, 'Let \\(a, b, c\\) be the side lengths, and \\(\\alpha, \\beta, \\gamma\\) be the angles of a given triangle, respectively. Prove the inequality\r\n\\[ a \\left(\\frac{1}{\\beta} + \\frac{1}{\\gamma}\\right) + b \\left(\\frac{1}{\\gamma} + \\frac{1}{\\alpha}\\right) +\r\nc \\left(\\frac{1}{\\alpha} + \\frac{1}{\\beta}\\right)\r\n \\ge 2 \\left(\\frac{a}{\\alpha} + \\frac{b}{\\beta} + \\frac{c}{\\gamma}\\right).\r\n\\]', ''),
(8, 'Let \\(a, b, c\\) be the lengths of the sides of a given triangle, and \\(\\alpha, \\beta, \\gamma\\) be the respective \r\nangles (in radians). Prove the inequality\r\n<p></p>\r\n<ol>\r\n  <li> \\(\\dfrac{1}{\\alpha} + \\dfrac{1}{\\beta} + \\dfrac{1}{\\gamma} \\ge \\dfrac{9}{\\pi} \\)</li>\r\n  <p></p>\r\n  <li> \\(\\dfrac{b + c - a}{\\alpha} + \\dfrac{c + a - b}{\\beta} + \\dfrac{a + b - c}{\\gamma} \\ge \\dfrac{6s}{\\pi}\\),\r\n  where \\(s = \\dfrac{a + b + c}{2} \\).</li>\r\n  <p></p>\r\n  <li> \\(\\dfrac{b + c - a}{a \\alpha} + \\dfrac{c + a - b}{b \\beta} + \\dfrac{a + b - c}{c \\gamma} \\ge \\dfrac{9}{\\pi}\\).</li>\r\n</ol>', ''),
(9, 'Let \\(X\\) be an arbitrary interior point of a given regular \\(n\\)-gon with side-length \\(a\\). Let \\(h_1, h_2, \\ldots,\r\nh_n\\) be the distances from \\(X\\) to the sides of the \\(n\\)-gon. Prove that\r\n\\[ \\frac{1}{h_1} + \\frac{1}{h_2} + \\cdots + \\frac{1}{h_n} > \\frac{2 \\pi}{a}.\r\n\\]', ''),
(10, 'Prove that among the lengths of the sides of an arbitrary \\(n\\)-gon (\\(n \\ge 3\\)), there always exist two of them\r\n(lets denote them by \\(b\\) and \\(c\\)) such that \\(1 \\le \\dfrac{d}{c} < 2\\).', ''),
(11, 'Let \\(a_1, a_2, a_3, a_4\\) be the lengths of the sides, and \\(s\\) be the semi-perimeter of arbitrary quadrilateral. \r\nProve that\r\n\\[ \\sum^4_{i = 1} \\frac{1}{s + a_i} \\le \\frac{2}{9} \\sum^4_{1 \\le i < j \\le 4} \\frac{1}{\\sqrt{(s - a_i)(s - a_j)}}.\r\n\\]', ''),
(12, 'Let \\(n \\in \\mathbb N\\), and \\(\\alpha, \\beta, \\gamma\\) be the angles of a given triangle. \r\nProve the inequality\r\n\\[ \\cot^n \\frac{\\alpha}{2} + \\cot^n \\frac{\\beta}{2} + \\cot^n \\frac{\\gamma}{2} \\ge 3^{(n+2)/2}.\r\n\\]', ''),
(13, 'Let \\(\\alpha, \\beta, \\gamma\\) be the angles of an arbitrary acute triangle. Prove that\r\n\\[ 2 (\\sin \\alpha + \\sin \\beta + \\sin \\gamma) > 3 (\\cos \\alpha + \\cos \\beta + \\cos \\gamma).\r\n\\]', ''),
(14, 'Let \\(\\alpha, \\beta, \\gamma\\) be the angles of a triangle. Prove the inequality\r\n\\[ \\sin \\alpha + \\sin \\beta + \\sin \\gamma \\ge \\sin 2\\alpha + \\sin 2\\beta + \\sin 2\\gamma.\r\n\\]', ''),
(15, 'Let \\(\\alpha, \\beta, \\gamma\\) be the angles of a triangle. Prove the inequality\r\n\\[ \\cos \\alpha + \\sqrt{2} (\\cos \\beta + \\cos \\gamma) \\le 2.\r\n\\]', ''),
(16, 'Let \\(\\alpha, \\beta, \\gamma\\) be the angles of a triangle and let \\(t\\) be a real number. Prove the inequality\r\n\\[ \\cos \\alpha + t (\\cos \\beta + \\cos \\gamma) \\le 1 + \\frac{t^2}{2}.\r\n\\]', ''),
(17, 'Let \\(0 \\le \\alpha, \\beta, \\gamma \\le 90^{\\circ}\\) such that \\(\\sin \\alpha + \\sin \\beta + \\sin \\gamma = 1\\). Prove the inequality\r\n\\[ \\tan^2 \\alpha + \\tan^2 \\beta + \\tan^2 \\gamma \\le \\frac{3}{8}.\r\n\\]', ''),
(18, 'Let \\(a, b, c\\) be positive real numbers such that \\(a + b + c = 3\\). Prove the inequality\r\n\\[ (1 + a + a^2)(1 + b + b^2)(1 + c +c^2) \\ge 9 (a b + b c + c a).\r\n\\]', ''),
(19, 'Let \\(a, b, c > 0\\) such that \\(a + b + c = 1\\). Prove the inequality\r\n\\[ 6 (a^3 + b^3 + c^3) + 1 \\ge 5 (a^2 + b^2 + c^2).\r\n\\]', ''),
(20, 'Let \\(x, y, z \\in {\\mathbb R}^+\\) such that \\(x + y + z = 1\\). Prove the inequality\r\n\\[ (1 - x^2)^2 + (1 - y^2)^2 + (1 - z^2)^2 \\le (1 + x)(1 + y)(1 + z).\r\n\\]', ''),
(21, 'Let \\(x, y, z\\) be nonnegative real numbers such that \\(x^2 + y^2 + z^2 = 1\\). Prove the inequality\r\n\\[ (1 - x y)(1 - y x)(1 - z x) \\ge \\frac{8}{27}.\r\n\\]', ''),
(22, 'Let \\(a, b, c \\in R^+\\) such that \\(\\dfrac{1}{a + 1} + \\dfrac{1}{b + 1} + \\dfrac{1}{c + 1} = 2\\). Prove the inequality\r\n<p></p>\r\n<ol>\r\n  <li>  \\(\\dfrac{1}{8 a^2 + 1} + \\dfrac{1}{8 b^2 + 1} + \\dfrac{1}{8 c^2 + 1} \\ge 1\\)</li>\r\n  <p></p>\r\n  <li>  \\(\\dfrac{1}{4 a b + 1} + \\dfrac{1}{4 b c + 1} + \\dfrac{1}{4 c a + 1} \\ge \\dfrac{3}{2}.\\)</li>\r\n</ol>', ''),
(23, 'Let \\(a, b, c > 0\\) be real numbers such that \\(a b + b c + c a = 1\\). Prove the inequality\r\n\\[ \\frac{1}{a + b} + \\frac{1}{b + c} + \\frac{1}{c + a} - \\frac{1}{a + b + c} \\ge 2.\r\n\\]', ''),
(24, 'Let \\(a, b, c \\ge 0\\) be real numbers. Prove the inequality\r\n\\[ \\frac{a b + 4 b c + c a}{a^2 + b c} + \\frac{b c + 4 c a + a b}{b^2 + c a} + \r\n\\frac{c a + 4 a b + b c}{c^2 + a b} \\ge 6.\r\n\\]', ''),
(25, 'Let \\(a, b, c\\) be positive real numbers such that \\(a + b + c + 1 = 4 a b c\\). Prove the inequality\r\n\\[ \\frac{1}{a^4 + b + c} + \\frac{1}{b^4 + c + a} + \\frac{1}{c^4 + a + b} \\le \\frac{3}{a + b + c}.\r\n\\]', ''),
(26, 'Let \\(x, y, z > 0\\) be real numbers such that \\(x + y + z = 1\\). Prove the inequality\r\n\\[ (x^2 + y^2)(y^2 + z^2)(z^2 + x^2) \\le \\frac{1}{32}.\r\n\\]', ''),
(27, 'Let \\(x, y, z \\in {\\mathbb R}^+\\) such that \\(x + y + z = 1\\). Prove the inequality\r\n\\[ 1 \\le \\frac{x}{1 - y z} + \\frac{y}{1 - z x} + \\frac{z}{1 - x y} \\le \\frac{9}{8}.\r\n\\]', ''),
(28, 'Let \\(x, y, z \\in {\\mathbb R}^+\\) such that \\(x y z = 1\\). Prove the inequality\r\n\\[ \\frac{1}{(1 + x)^2} + \\frac{1}{(1 + y)^2} + \\frac{1}{(1 + z)^2} \r\n+ \\frac{2}{(1 + x)(1 + y)(1 + z)} \\ge 1.\r\n\\]', ''),
(29, 'Let \\(a, b, c \\ge 0\\) such that \\(a + b + c = 1\\). Prove the inequality\r\n<p></p>\r\n<ol>\r\n  <li>  \\(a b + b c + c a \\le a^3 + b^3 + c^3 + 6 a b c\\)</li>\r\n  <p></p>\r\n  <li>  \\(a^3 + b^3 + c^3 + 6 a b c \\le a^2 + b^2 + c^2\\)</li>\r\n  <p></p>\r\n  <li>  \\(a^2 + b^2 + c^2 \\le 2 (a^3 + b^3 + c^3) 3 a b c\\)</li>\r\n</ol>', ''),
(30, 'Let \\(x, y, z \\ge 0\\) be real numbers such that \\(x y + y z + z x + x y z = 4\\). Prove the inequality \r\n\\[ 3 (x^2 + y^2 + z^2) + x y z \\ge 10.\r\n\\]', ''),
(31, 'Let \\(x, y, z \\in R^+\\). Prove the inequality\r\n\\[ x^4 (y + z) + y^4 (z + x) + z^4 (x + y) \\le \\frac{1}{12} (x + y + z)^5.\r\n\\]', ''),
(32, 'Let \\(a, b, c \\in R^+\\) such that \\(a + b + c = 1\\). Prove the inequality\r\n\\[ \\frac{1}{a} + \\frac{1}{b} + \\frac{1}{c} + 48 (a b + b c + c a) \\ge 25.\r\n\\]', ''),
(33, 'Let \\(a, b, c\\) be nonnegative real numbers such that \\(a + b + c = 2\\). Prove the inequality\r\n\\[ a^4 + b^4 + c^4 + a b c \\ge a^3 + b^3 + c^3.\r\n\\]', ''),
(34, 'Let \\(a, b, c\\) be nonnegative real numbers. Prove the inequality\r\n\\[ 2 (a^2 + b^2 + c^2) + a b c + 8 \\ge 5 (a + b + c).\r\n\\]', ''),
(35, 'Let \\(a, b, c\\) be nonnegative real numbers. Prove the inequality\r\n\\[ a^3 + b^3 + c^3 + 4 (a + b + c) 9 a b c \\ge 8 (a b + b c + c a).\r\n\\]', ''),
(36, 'Let \\(a, b, c\\) be nonnegative real numbers. Prove the inequality\r\n\\[ \\frac{a^3}{b^2 - b c + c^2} + \\frac{b^3}{c^2 - c a + a^2} + \\frac{c^3}{a^2 - a b + b^2} \\ge a + b + c.\r\n\\]', ''),
(37, 'Let \\(a, b, c\\) be nonnegative real numbers such that \\(a + b + c = 2\\). Prove the inequality\r\n\\[ a^3 + b^3 + c^3 + \\frac{15 a b c}{4} \\ge 2. \\]', ''),
(38, 'Let \\(a, b, c\\) be positive real numbers such that \\(a b c = 1\\). Prove the inequality\r\n\\[ \\frac{a^2 + b c}{a^2 (b + c)} + \\frac{b^2 + c a}{b^2 (c + a)} + \\frac{c^2 + a b}{c^2 (a + b)} \\ge a b + b c + c a.\r\n\\]', ''),
(39, 'Let \\(a, b, c\\) be positive real numbers such that \\(a^2 + b^2 + c^2 = 3\\). Prove the inequality\r\n\\[ \\frac{a^3 + a b c}{(b + c)^2} + \\frac{b^3 + a b c}{(c + a)^2} + \\frac{c^3 + a b c}{(a + b)^2} \\ge \\frac{3}{2}.\r\n\\]', ''),
(40, 'Let \\(a, b, c\\) be positive real numbers such that \\(a^4 + b^4 + c^4 = 3\\). Prove the inequality\r\n\\[ \\frac{1}{4 - a b} + \\frac{1}{4 - b c} + \\frac{1}{4 - c a} \\le 1.\r\n\\]', ''),
(41, 'Let \\(a, b, c\\) be positive real numbers such that \\(a b + b c + c a = 3\\). Prove the inequality\r\n\\[ (a^3 - a + 5) (b^3 - b + 5) (c^3 - c + 5) \\ge 125.\r\n\\]', ''),
(42, 'Let \\(x, y, z\\) be positive real numbers. Prove the inequality\r\n\\[ \\frac{1}{x^2 + x y + y^2} + \\frac{1}{y^2 + y z + z^2} + \\frac{1}{z^2 + z x + x^2} \\ge \\frac{9}{(x + y + z)^2}.\r\n\\]', ''),
(43, 'Let \\(x, y, z\\) be positive real numbers such that \\(x y z = x + y + z + 2\\). Prove the inequality \r\n<p></p>\r\n<ol>\r\n  <li>  \\(x y + y z + z x \\ge 2 (x + y + z)\\)</li>\r\n  <p></p>\r\n  <li>  \\(\\sqrt{x} + \\sqrt{y} + \\sqrt{z} \\le \\dfrac{3 \\sqrt{x y z}}{2} \\)</li>\r\n</ol>', ''),
(44, 'Let \\(x, y, z\\) be positive real numbers. Prove the inequality\r\n\\[ 8 (x^3 + y^3 + z^3) \\ge (x + y)^3 + (y + z)^3 + (z + x)^3.\r\n\\]', ''),
(45, 'Let \\(a, b, c\\) be nonnegative real numbers. Prove the inequality\r\n\\[ a^3 + b^3 + c^3 a b c \\ge \\frac{1}{7} (a + b + c)^3.\r\n\\]', ''),
(46, 'Let \\(a, b, c\\) be positive real numbers such that \\(a + b + c = 1\\). Prove the inequality\r\n\\[ a^2 + b^2 + c^2 + 3 a b c \\ge \\frac{4}{9}.\r\n\\]', ''),
(47, 'Let \\(a_1, a_2, \\ldots, a_n\\) be positive real numbers.\r\nProve the inequality\r\n\\[ (1 + a_1)(1 + a_2) \\cdots (1 + a_n) \\le \\left(1 + \\frac{a^2_1}{a_2}\\right)\\left(1 + \\frac{a^2_2}{a_3}\\right)\r\n\\cdots \\left(1 + \\frac{a^2_n}{a_1}\\right).\r\n\\]', ''),
(48, 'Let \\(a, b, c, d\\) be positive real numbers such that \\(a b c d = 1\\). Prove the inequality\r\n\\[ \\frac{1}{(1 + a)^2} + \\frac{1}{(1 + b)^2} + \\frac{1}{(1 + c)^2} + \\frac{1}{(1 + d)^2} \\ge 1.\r\n\\]', ''),
(49, 'Let \\(a, b, c, d \\ge 0\\) be real numbers such that \\(a + b + c + d = 4\\). Prove that\r\n\\[ a b c + b c d + c d a + d a b + (a b c)^2 + (b c d)^2 + (c d a)^2 + (d a b)^2 \\le 8.\r\n\\]', ''),
(50, 'Let \\(a, b, c, d \\ge 0\\) be real numbers such that \\(a + b + c + d = 1\\). Prove that\r\n\\[ a^4 + b^4 + c^4 + d^4 + \\frac{148}{27} a b c d \\ge \\frac{1}{27}.\r\n\\]', ''),
(51, 'Let \\(a, b, c\\) be positive real numbers such that \\(a^2 + b^2 + c^2 = 3\\). Prove the inequality\r\n\\[ a^2 b^2 + b^2 c^2 + c^2 a^2 \\le a + b + c. \\]', ''),
(52, 'Let \\(a, b, c, d \\ge 0\\) be positive real numbers such that \\(a + b + c + d = 4\\). Prove the inequality\r\n\\[ (1 + a^2)(1 + b^2)(1 + c^2)(1 + d^2) \\ge (1 + a)(1 + b)(1 + c)(1 + d).\r\n\\]', ''),
(53, 'Let \\(a, b, c\\) be positive real numbers such that \\(a b c = 1\\). Prove the inequality\r\n\\[ \\frac{1}{a} + \\frac{1}{b} + \\frac{1}{c} + \\frac{6}{a + b + c} \\ge 5.\r\n\\]', ''),
(54, 'Let \\(a, b, c\\) be positive real numbers such that \\(a + b + c = 3\\). Prove the inequality\r\n\\[ 12 \\left(\\frac{1}{a} + \\frac{1}{b} + \\frac{1}{c}\\right) \\ge 4 (a^3 + b^3 + c^3) + 21.\r\n\\]', ''),
(55, 'Let \\(a, b, c, d, e\\) be nonnegative real numbers such that \\(a + b + c + d + e = 5\\). Prove the inequality\r\n\\[ 4 (a^2 + b^2 + c^2 + d^2 + e^2) + 5 a b c d \\ge 25.\r\n\\]', ''),
(56, 'Let \\(a, b, c\\) be positive real numbers such that \\(a + b + c = 3\\). Prove the inequality\r\n\\[ \\frac{1}{2 + a^2 + b^2} + \\frac{1}{2 + b^2 + c^2} + \\frac{1}{2 + c^2 + a^2} \\le \\frac{3}{4}.\r\n\\]', ''),
(57, 'Let \\(a, b, c\\) be positive real numbers such that \\(a^2 + b^2 + c^2 = 3\\). Prove the inequality\r\n\\[ a b + b c + c a \\le a b c + 2.\r\n\\]', ''),
(58, 'Let \\(a, b, c\\) be positive real numbers. Prove the inequality\r\n\\[ \\frac{a}{b} + \\frac{b}{c} + \\frac{c}{a} \\ge \\frac{a + b}{b + c} + \\frac{b + c}{c + a} + \\frac{c + a}{a + b}.\r\n\\]', ''),
(59, 'Let \\(a, b, c\\) be positive real numbers. Prove the inequality\r\n\\[ \\frac{a^2}{b^2 + c^2} + \\frac{b^2}{c^2 + a^2} + \\frac{c^2}{a^2 + b^2} \\ge \r\n\\frac{a}{b + c} + \\frac{b}{c + a} + \\frac{c}{a + b}.\r\n\\]', ''),
(60, 'Let \\(a, b, c\\) be positive real numbers such that \\(a \\ge b \\ge c\\). Prove the inequality\r\n\\[ a^2 b (a - b) + b^2 c (b - c) + c^2 a (c - a) \\ge 0.\r\n\\]', ''),
(61, 'Let \\(a, b, c\\) be the lengths of the sides of a triangle. Prove the inequality\r\n\\[ \\frac{(b + c)^2}{a^2 + b c} + \\frac{(c + a)^2}{b^2 + c a} + \\frac{(a + b)^2}{c^2 + a b} \\ge 6.\r\n\\]', ''),
(62, 'Let \\(a, b, c\\) be positive real numbers. Prove the inequality\r\n\\[ \\frac{a + b}{b + c} + \\frac{b + c}{c + a} + \\frac{c + a}{a + b} + 3 \\frac{a b + b c + c a}{(a + b + c)^2} \\ge 4.\r\n\\]', ''),
(63, 'Let \\(a, b, c\\) be real numbers. Prove the inequality\r\n\\[ 3 (a^2 - a b + b^2) (b^2 - b c + c^2) (c^2 - c a + a^2) \\ge a^3 b^3 + b^3 c^3 + c^3 a^3.\r\n\\]', ''),
(64, 'Let \\(a, b, c, d \\in R^+\\) such that \\(a + b + c + d + a b c d = 5\\). Prove the inequality\r\n\\[ \\frac{1}{a} + \\frac{1}{b} + \\frac{1}{c} + \\frac{1}{d} \\ge 4.\r\n\\]', ''),
(65, '<img src="selectedimages/semfigure35.PNG" alt="semfigure35" />\r\n<p></p><p></p>\r\nIn the figure above, what is the value of  \\(x\\)?', ''),
(66, 'Three lines are drawn in a plane. Which of the following CANNOT be the total number of points of intersection?', ''),
(67, 'If  \\(a - b = 10\\), and  \\(a^2 - b^2 = 20\\), what is the value of  \\(b\\)?', ''),
(68, 'If  \\(3x + 2y = 11\\)  and  \\(2x + 3y = 17\\), what is the average (arithmetic mean) of  \\(x\\)  and  \\(y\\)?', ''),
(69, 'Let  \\(A, B\\), and  \\(C\\)  be three points in a plane such that  \\(AB:BC = 3:5\\). Which of the following can be the ratio \\(AB:AC\\)?\r\n<p></p><ol class="moveleft0" type="I"><li>\\(1:2\\)</li><li>\\(1:3\\)</li><li>\\(3:8\\)</li></ol>', ''),
(70, 'If today is Saturday, what day will it be \\(500\\) days from today?', ''),
(71, 'What is the largest integer,  \\(x\\), such that  \\(x &lt; 10,000\\)  and  \\(\\dfrac{\\sqrt{x}}{5}\\)  is an even integer?', ''),
(72, 'Ellie is dropping marbles into a box one at a time in the following order: red, white, white, blue, blue, blue; red, white, white, blue, blue, blue; .... How many marbles will be in the box right after \\(100\\)th blue one is put in?', ''),
(73, 'Each of \\(100\\) cards has none, one, or two of the letters  \\(A\\)  and  \\(C\\)  written on it. If \\(75\\) cards have the letter  \\(A\\), \\(30\\) have the letter  \\(C\\), and fewer than \\(15\\) are blank, what is the largest possible number of cards that have both  \\(A\\)  and  \\(C\\)  written on them?', ''),
(74, '<img src="selectedimages/semfigure36.PNG" alt="semfigure36" />\r\n<p></p><p></p>\r\nIn the figure above, the three circles are tangent to one another. If the ratio of the diameter of the large white circle to the diameter of the small white circle is \\(3:1\\), what fraction of the largest circle has been shaded?', ''),
(75, 'What is the slope of the line that passes through  \\((0, 0)\\)  and is perpendicular to the line that passes through  \\((-2, 2)\\)  and  \\((3, 3)\\)?', ''),
(76, 'A googol is the number that is written as \\(1\\) followed by \\(100\\) zeros. If  \\(g\\)  represents a googol, how many digits are there in  \\(g^2\\)?', ''),
(77, 'If  \\(y\\)  is inversely proportional to  \\(x\\)  and directly proportional to  \\(z\\), and  \\(x = 4\\)  and  \\(z = 8\\)  when  \\(y = 10\\), what is the value of  \\(x + z\\)  when  \\(y = 20\\)?', ''),
(78, 'What is the average (arithmetic mean) of  \\(3^{30}, 3^{60}\\), and  \\(3^{90}\\)?', ''),
(79, 'If  \\(a\\)  and  \\(b\\)  are the lengths of the legs of a right triangle whose hypotenuse is \\(10\\) and whose area is \\(20\\), what is the value of  \\((a + b)^2\\)?', ''),
(80, '<img src="selectedimages/semfigure37.PNG" alt="semfigure37" />\r\n<p></p><p></p><u>Note:</u> Figure not drawn to scale<p></p><p></p>\r\nIn  \\(\\Delta XYZ\\)  at the right, if  \\(XY &lt; YZ &lt; ZX\\), then which of the following <i>must</i> be true?', ''),
(81, '<img src="selectedimages/semfigure38.PNG" alt="semfigure38" />\r\n<p></p><p></p>\r\nIn the figure above, four semicircles are drawn, each centered at the midpoint of one of the sides of square  \\(ABCD\\). Each of the four "petals" is the intersection of two of the semicircles. If  \\(AB = 4\\), what is the total area of the shaded region?', ''),
(82, 'If  \\(12 a + 3 b = 1\\)  and  \\(7 b - 2 a = 9\\), what is the average (arithmetic mean) of  \\(a\\)  and  \\(b\\)?', ''),
(83, 'If  \\(0 &lt; a &lt; b &lt; 1\\), which of the following is (are) true?<p></p><ol class="moveleft0" type="I"><li> \\(a - b\\)  is negative.</li><li> \\(\\dfrac{1}{ab}\\)  is positive.</li><li> \\(\\dfrac{1}{b} - \\dfrac{1}{a}\\)  is positive.</li></ol>', ''),
(84, 'If  \\(a\\)  and  \\(b\\)  are negative, and  \\(c\\)  is positive, which of the following is (are) true?<p></p>\r\n<ol class="moveleft0" type="I"><li>\\(a - b &lt; a - c\\)</li><li>if  \\(a &lt; b\\), then  \\(\\dfrac{a}{c} &lt; \\dfrac{b}{c}\\).</li><li> \\(\\dfrac{1}{b} &lt; \\dfrac{1}{c}\\).</li></ol>', ''),
(85, 'If  \\(p\\)  and   \\(q\\)  are primes greater than \\(2\\), which of the following <i>must</i> be true?<p></p>\r\n<ol class="moveleft0" type="I"><li> \\(p + q\\)  are even.</li><li> \\(p q\\)  is odd.</li><li> \\(p^2 - q^2\\)  is even.</li></ol>', ''),
(86, 'In the figure below, lines  \\(k\\)  and  \\(\\ell\\)  are parallel. What is the value of  \\(y - x\\)?\r\n<p></p><p></p>\r\n<img src="selectedimages/semfigure39.PNG" alt="semfigure39" />', ''),
(87, 'In the figure below, the rectangle  \\(ABCD\\)  is divided into two \\(30-60-90\\) triangles, a \\(45-45-90\\) triangle, and shaded triangle  \\(ABF\\). What is the perimeter of shaded triangle  \\(ABF\\)?<p></p><p></p><img src="selectedimages/semfigure41.PNG" width="280" alt="semfigure41" />', ''),
(88, '<img src="selectedimages/semfigure40.PNG" width="280" alt="semfigure40" />\r\n<p></p><p></p>\r\nIn the figure above,  \\(DEFG\\)  is a rectangle. What is the area of  \\(\\Delta DFH\\)?', ''),
(89, '<img src="selectedimages/semfigure42.PNG" alt="semfigure42" />\r\n<p></p><p></p>\r\nIn the figure above,  \\(\\ell\\)  is tangent to circle  \\(O\\)  at  \\(A\\), and  \\(OA = AB = 2\\). What is the area of the shaded region?', ''),
(90, 'A \\(5\\)-foot-long cylindrical pipe has an inner diameter of \\(6\\) feet and an outer diameter of \\(8\\) feet. If the total surface area (inside and out, including ends) is  \\(k \\pi\\), what is the value of  \\(k\\)?', ''),
(91, 'What is the slope of the line that passes through  \\((3, 2)\\)  and is parallel to the line that passes through  \\((-2, 3)\\)  and  \\((2, -3)\\)?', ''),
(92, 'Line  \\(\\ell\\)  is tangent to a circle whose center is at  \\((3, 2)\\). If the point of tangency is  \\((6, 6)\\), what is the slope of line  \\(\\ell\\)?', ''),
(93, 'There are \\(27\\) students in Mr. White&#8242;s homeroom. What is the probability that at least \\(3\\) of them have their birthdays in the same month?', ''),
(94, 'A printer that can print \\(1\\) page in \\(5\\) seconds shuts down for \\(3\\) minutes to cool off after every hour of operation. How many minutes will the printer take to print \\(3600\\) pages?', ''),
(95, '<img src="selectedimages/semfigure43.PNG" alt="semfigure43" />\r\n<p></p><p></p>\r\nIn the figure above, how many paths are there from  \\(A\\)  to  \\(X\\)  if the only ways to move are up and to the right?', ''),
(96, 'At the audition for the school play,  \\(n\\)  people tried out. If  \\(k\\)  people went before Judy, who went before Liz, and  \\(m\\)  people went after Liz, how many people tried out between Judy and Liz?', ''),
(97, 'If  \\(abc = 1\\), which of the following could be the number of integers among  \\(a, b\\), and  \\(c\\)?<p></p><ol class="moveleft0" type="I"><li>\\(1\\)</li><li>\\(2\\)</li><li>\\(3\\)</li></ol>', ''),
(98, 'What is the maximum points of intersection between a square and a circle?', ''),
(99, '<img src="selectedimages/semfigure44.PNG" width="280" alt="semfigure44" />\r\n<p></p><p></p>\r\nIn the figure above, all of the line segments meet to form right angles. What is the perimeter of the figure?', ''),
(100, '<img src="selectedimages/semfigure45.PNG" width="280" alt="semfigure45" />\n<p></p><p></p>\nIn the figure above,  \\(JL = KL = LM\\)  and  \\({\\rm m}\\angle JLK = 70\\). This information is sufficient to determine the value of which of the following?', ''),
(101, 'Five people shared a prize of  \\(\\$100\\). Each one received a whole number of dollars, and no two people received the same amount. If the largest share was  \\(\\$30\\)  and the smallest share was  \\(\\$15\\), what is the most money that the person with the third largest share could have received?', '');

--
-- Indexes for dumped tables
--

--
-- Indexes for table `buffer`
--
ALTER TABLE `buffer`
  ADD PRIMARY KEY (`bid`);

--
-- Indexes for table `concept`
--
ALTER TABLE `concept`
  ADD PRIMARY KEY (`cid`);

--
-- Indexes for table `keyword`
--
ALTER TABLE `keyword`
  ADD PRIMARY KEY (`kid`);

--
-- Indexes for table `keyword_mapping`
--
ALTER TABLE `keyword_mapping`
  ADD PRIMARY KEY (`kmid`);

--
-- Indexes for table `problem`
--
ALTER TABLE `problem`
  ADD PRIMARY KEY (`pid`);

--
-- AUTO_INCREMENT for dumped tables
--

--
-- AUTO_INCREMENT for table `buffer`
--
ALTER TABLE `buffer`
  MODIFY `bid` int(10) unsigned NOT NULL AUTO_INCREMENT;
--
-- AUTO_INCREMENT for table `concept`
--
ALTER TABLE `concept`
  MODIFY `cid` int(10) unsigned NOT NULL AUTO_INCREMENT,AUTO_INCREMENT=101;
--
-- AUTO_INCREMENT for table `keyword`
--
ALTER TABLE `keyword`
  MODIFY `kid` int(10) unsigned NOT NULL AUTO_INCREMENT,AUTO_INCREMENT=342;
--
-- AUTO_INCREMENT for table `keyword_mapping`
--
ALTER TABLE `keyword_mapping`
  MODIFY `kmid` int(10) unsigned NOT NULL AUTO_INCREMENT,AUTO_INCREMENT=1382;
--
-- AUTO_INCREMENT for table `problem`
--
ALTER TABLE `problem`
  MODIFY `pid` int(10) unsigned NOT NULL AUTO_INCREMENT,AUTO_INCREMENT=109;
/*!40101 SET CHARACTER_SET_CLIENT=@OLD_CHARACTER_SET_CLIENT */;
/*!40101 SET CHARACTER_SET_RESULTS=@OLD_CHARACTER_SET_RESULTS */;
/*!40101 SET COLLATION_CONNECTION=@OLD_COLLATION_CONNECTION */;
